"handle","title","vendor","productType","variantCount","assetCount","collections","colors","shapes","lengths","styles","merchantInputRequired"
"metallic-mirage","Metallic Mirage","Ersa Nails","Press On Nails","4","12","","Silver","Coffin","Med","Metallic",""
"gothic-radiance","Gothic Radiance","Ersa Nails","Press On Nails","4","12","","Black","Oval","Long","Gothic",""
"crimson-veil","Crimson Veil","Ersa Nails","Press On Nails","4","8","","White","Oval","Long","Gothic|Religions",""
"celestial-star","Celestial Star","Ersa Nails","Press On Nails","4","11","","","Medium Almond","Med","French Tip","color"
"sticky-tabs-pack-10-sheets","Sticky Tabs Pack (10 sheets)","Ersa Nails","TOOLS & ACCESSORIES","2","6","","","","","","color|shape|length|style"
"handheld-uv-lamp","Handheld UV Lamp","Ersa Nails","TOOLS & ACCESSORIES","1","3","","","","","","color|shape|length|style"
"solid-nail-glue-gel","Solid Nail Glue Gel","Ersa Nails","TOOLS & ACCESSORIES","4","3","","","","","","color|shape|length|style"
"ersa-nails-starter-pack","Ersa Nails Starter Pack","Ersa Nails","TOOLS & ACCESSORIES","1","4","","","","","","color|shape|length|style"
"ersa-nails-protouch-kit","ProTouch Kit","Ersa Nails","TOOLS & ACCESSORIES","4","9","","","","","","color|shape|length|style"
"crimson-chronicles","Crimson Chronicles","Ersa Nails","Press On Nails","4","8","","Red","Oval","Med","French Tip|Gothic",""
"ersa-cuticle-oil","Ersa Cuticle Oil","Ersa Nails","TOOLS & ACCESSORIES","1","3","","","","","","color|shape|length|style"
"neon-twist","Neon Twist","Ersa Nails","Press On Nails","4","16","","Blue","Almond","Short","Cat Eye|Chrome|Mermaid",""
"customization-request","Customization Request","Ersa Nails","","1","3","","","","","","color|shape|length|style"
"sweetheart","Sweetheart","Ersa Nails","Press On Nails","8","17","","Pink|Red","Almond","Med","Aura|Mermaid",""
"cosmic-girl","Cosmic Girl","Ersa Nails","Press On Nails","4","8","","Blue|Purple","Oval","Long","Aura|Chrome|Gothic|Metallic",""
"burgundy-enchantress","Burgundy Enchantress","Ersa Nails","Press On Nails","4","11","","Pink|Red","Almond","Med","Metallic",""
"ersa-nails-gift-card","Ersa Nails Gift Card","Ersa Nails","","4","1","","","","","","color|shape|length|style"
"qipao","Qipao","Ersa Nails","Press On Nails","4","10","","Black|Purple","Almond","Med","","style"
"qinghuaci","Qinghuaci","Ersa Nails","Press On Nails","4","15","","Blue|White","Coffin","Long","French Tip|Metallic",""
"olive-s","Olive S","Ersa Nails","Press On Nails","4","14","","Gold|Jade","Almond","Long","Cat Eye|Ombré",""
"porcelain-dragon","Porcelain Dragon","Ersa Nails","Press On Nails","4","11","","Blue|White","Oval","Long","","style"
"lotus-fairy","Lotus Fairy","Ersa Nails","Press On Nails","4","10","","","Oval","Long","Mermaid","color"
"blaze-dragon","Blaze Dragon","Ersa Nails","Press On Nails","4","11","","","Oval","Long","Chrome|Metallic","color"
"mamianqun","Mamianqun","Ersa Nails","Press On Nails","4","10","","Black|Red","Almond","Med","","style"
"gildenfire-dragon","Gildenfire Dragon","Ersa Nails","Press On Nails","4","16","","Black|Gold","Coffin","Long","Chrome|Metallic|Ombré",""
"dragon-roar","Dragon Roar","Ersa Nails","Bundle","3","8","","","","","","color|shape|length|style"
"oriental-beauty","Oriental Beauty","Ersa Nails","Bundle","3","8","","","","","","color|shape|length|style"
"the-harmony","The Harmony","Ersa Nails","Bundle","3","12","","","","","","color|shape|length|style"
"ersa-nails-cuticle-tool-kit","Ersa Nails Cuticle Tool Kit","Ersa Nails","TOOLS & ACCESSORIES","1","3","","","","","","color|shape|length|style"
"pillow-talk","Pillow Talk","Ersa Nails","Bundle","4","6","","","","","","color|shape|length|style"
"custom-design","Custom Nail Design","Ersa Nails","","4","2","","","","","","color|shape|length|style"
"indigo-aristocracy","Indigo Aristocracy","Ersa Nails","Press On Nails","4","25","","Blue|White","Almond","Short","Aura|Chrome|French Tip|Metallic|Pearl",""
"nails-refill-services","Nails Refill Services","Ersa Nails","","4","1","","","","","","color|shape|length|style"
"virgencita","Virgencita","Ersa Nails","Press On Nails","4","11","","Purple|Red","Oval","Long","Cat Eye|Chrome|French Tip|Metallic",""
"medusa","Medusa","Ersa Nails","Press On Nails","4","11","","Silver","Almond","Med","Chrome|Gothic|Mermaid|Metallic",""
"night-angel","Night Angel","Ersa Nails","Press On Nails","4","11","","Black|White","Almond","Med","French Tip",""
"la-reine","La Reine","Ersa Nails","Press On Nails","4","13","","Nude|Red","Almond","Long","Chrome|French Tip|Metallic",""
"ersa-collector-box","Ersa Collector Box","Ersa Nails","TOOLS & ACCESSORIES","2","3","","","","","","color|shape|length|style"
"berry-frappe","Berry Frappé","Ersa Nails","Press On Nails","4","9","","Purple","Almond","Med","3D|French Tip|Hand Painted|Mermaid",""
"white-ribbon","White Ribbon","Ersa Nails","Press On Nails","4","8","","Nude|White","Almond","Med","French Tip|Pearl",""
"elegance-trio","Elegance Trio","Ersa Nails","Bundle","4","8","","","","","","color|shape|length|style"
"neon-blush","Neon Blush","Ersa Nails","Press On Nails","4","7","","Pink|Purple","Almond","Short","Cat Eye|Chrome|Mermaid|Pearl",""
"blue-heart","Blue Heart","Ersa Nails","Press On Nails","4","8","","Blue|White","Almond","Short","3D|Aura|Mermaid",""
"azure-haze-mini","Azure Haze mini","Ersa Nails","Press On Nails","4","8","","Blue|White","Almond","Short","Chrome|Mermaid|Pearl",""
"rosy-shimmer","Rosy Shimmer","Ersa Nails","Press On Nails","4","10","","Gold|Pink","Almond","Long","Cat Eye|Chrome|Metallic|Rhine Stone",""
"la-luna","La Luna","Ersa Nails","Press On Nails","4","8","","Nude|Silver","Almond","Med","Chrome|French Tip|Pearl",""
"forever-in-love","Forever in Love","Ersa Nails","Press On Nails","4","8","","Nude|White","Almond","Short","French Tip|Hand Painted",""
"breakfast-at-tiffanys","Breakfast at Tiffany's","Ersa Nails","Press On Nails","4","6","","Black|Silver","Almond","Med","French Tip|Metallic|Pearl",""
"ersa-removal-pen","Ersa Removal Pen","Ersa Nails","TOOLS & ACCESSORIES","1","5","","","","","","color|shape|length|style"
"beyond-the-celestial","Beyond the Celestial","Ersa Nails","Press On Nails","4","11","","Silver","Almond","Med","Aura|Chrome|Hand Painted|Mermaid|Metallic|Ombré",""
"dreamy-blossom","Dreamy Blossom","Ersa Nails","Press On Nails","4","9","","Blue|Nude","Almond","Med","3D|French Tip|Hand Painted|Mermaid|Ombré",""
"oceanic-odyssey","Oceanic Odyssey","Ersa Nails","Press On Nails","4","12","","Jade|White","Almond","Med","3D|Chrome|Mermaid|Pearl",""
"aquamarine","Aquamarine","Ersa Nails","Press On Nails","4","13","","Blue|White","Oval","Long","3D|Cat Eye|Mermaid|Pearl",""
"thetis","Thetis","Ersa Nails","Press On Nails","4","9","","Blue","Almond","Med","3D|Cat Eye|Chrome|Hand Painted|Mermaid|Ombré|Pearl",""
"24k","24k","Ersa Nails","Press On Nails","4","8","","Gold","Almond","Short","3D|Chrome|French Tip|Metallic",""
"whispering-tide","Whispering Tide","Ersa Nails","Press On Nails","4","7","","Blue","Almond","Short","French Tip|Mermaid|Ombré|Pearl|Swirls",""
"bahamas","Bahamas","Ersa Nails","Press On Nails","4","9","","Blue|Brown|White","Almond","Med","Chrome|French Tip|Mermaid|Ombré|Pearl|Swirls",""
"neon-dream","Neon Dream","Ersa Nails","Press On Nails","3","8","","Blue|Purple","","","","shape|length|style"
"custom-ring-design","Custom Ring Design","Ersa Nails","TOOLS & ACCESSORIES","3","6","","","","","","color|shape|length|style"
"floral-dreamland","Floral Dreamland","Ersa Nails","Press On Nails","8","11","","Nude|Pink","Almond","Med","3D|Aura|Mermaid|Ombré",""
"malibu-beach","Malibu Beach","Ersa Nails","Press On Nails","4","12","","Nude|Orange|Purple","Almond","Med","3D|French Tip|Hand Painted|Mermaid|Ombré|Pearl",""
"beachside-fizz","Beachside Fizz","Ersa Nails","Press On Nails","4","9","","Nude|Pink","Almond","Short","3D|Aura|Mermaid|Ombré",""
"acrylic-stand","Ersa Nails Display Stand","Ersa Nails","TOOLS & ACCESSORIES","1","7","","","","","","color|shape|length|style"
"lilac-elfland","Lilac Elfland","Ersa Nails","Press On Nails","4","9","","Pink|Purple","Almond","Med","3D|Hand Painted|Mermaid|Ombré",""
"caramel","Caramel","Ersa Nails","Press On Nails","4","10","","Brown|Nude","Almond","Med","Swirls",""
"frosty-petal","Frosty Petal","Ersa Nails","Press On Nails","4","8","","Nude|Silver","Almond","Med","Chrome|Hand Painted|Metallic|Rhine Stone",""
"venus","Venus","Ersa Nails","Press On Nails","4","10","","Nude|Pink|White","Almond","Short","3D|Ombré",""
"small-blessings","Small Blessings","Ersa Nails","Press On Nails","4","9","","Nude|Pink|White","Almond","Short","French Tip",""
"lemon-drop","Lemon Drop","Ersa Nails","Press On Nails","4","8","","Nude|Yellow","Almond","Med","3D|French Tip|Mermaid",""
"starlit-fairytale","Starlit Fairytale","Ersa Nails","Press On Nails","4","7","","Nude|Silver","Almond","Med","","style"
"amber-whisper","Amber Whisper","Ersa Nails","Press On Nails","4","7","","Brown|Gold|Nude","Almond","Short","Hand Painted|Metallic|Ombré|Swirls",""
"mocha-mist","Mocha Mist","Ersa Nails","Press On Nails","4","9","","Brown|Nude","Almond","Med","French Tip|Hand Painted|Metallic|Ombré|Swirls",""
"devils-eye","Devil's Eye","Ersa Nails","Press On Nails","4","10","","Black|Red","Almond","Med","Chrome|Mermaid|Metallic|Ombré",""
"thorned-heart","Thorned Heart","Ersa Nails","Press On Nails","4","10","","Black|Jade","Almond","Med","Cat Eye|Chrome|Metallic|Rhine Stone",""
"midnight-madness","Midnight Madness","Ersa Nails","Press On Nails","4","10","","Black|Nude","Almond","Short","Chrome|French Tip|Hand Painted|Metallic",""
"death-of-mermaids","Death of Mermaids","Ersa Nails","Press On Nails","4","10","","Red","Oval","Long","3D|Aura|Mermaid|Swirls",""
"sweet-sin","Sweet Sin","Ersa Nails","Press On Nails","4","10","","Red|White","Coffin","Long","3D|French Tip|Hand Painted",""
"stranger-things","Stranger Things","Ersa Nails","Press On Nails","3","12","","Black|Jade","Oval","Long","3D|Cat Eye|Chrome|Hand Painted|Metallic|Ombré|Swirls",""
"ersa-tote-bag","Ersa Tote Bag","Ersa Nails","TOOLS & ACCESSORIES","1","8","","","","","","color|shape|length|style"
"ersa-t-shirt","Ersa T-Shirt","Ersa Nails","TOOLS & ACCESSORIES","6","6","","","","","","color|shape|length|style"
"spiced-bloom","Spiced Bloom","Ersa Nails","Press On Nails","8","13","","Brown|Red","Almond","Short","Aura|Chrome|Metallic|Ombré|Swirls",""
"midnight-muse","Midnight Muse","Ersa Nails","Press On Nails","4","8","","Blue|Brown","Almond","Med","Aura|French Tip|Metallic|Ombré|Swirls",""
"celestial-waltz","Celestial Waltz","Ersa Nails","Press On Nails","4","9","","Nude|Red|White","Almond","Med","Chrome|French Tip|Metallic|Pearl",""
"aurora-s-touch","Aurora’s Touch","Ersa Nails","Press On Nails","4","9","","Gold|Nude","Almond","Short","Chrome|Metallic|Rhine Stone",""
"amber-bloom","Amber Bloom","Ersa Nails","Press On Nails","4","10","","Brown|Jade|Nude","Almond","Short","Cat Eye|Mermaid|Metallic|Swirls",""
"emerald-cosmos","Emerald Cosmos","Ersa Nails","Press On Nails","4","8","","Gold|Jade|Nude","Almond","Short","Cat Eye|French Tip|Mermaid|Metallic",""
"eternal-eve","Eternal Eve","Ersa Nails","Press On Nails","4","8","","Nude|Red","Almond","Med","Aura|Chrome|French Tip|Glitter|Hand Painted|Mermaid|Metallic",""
"enchanted-florals","Enchanted Florals","Ersa Nails","Press On Nails","8","13","","Nude|White","Almond","Med","3D|Aura|Chrome|French Tip|Hand Painted|Mermaid|Rhine Stone",""
"holly-jolly","Holly Jolly","Ersa Nails","Press On Nails","4","7","","Jade|Nude|Red|White","Almond","Short","French Tip|Hand Painted",""
"winters-gift","Winter's Gift","Ersa Nails","Press On Nails","4","8","","Nude|Pink|White","Almond","Med","French Tip|Glitter|Hand Painted",""
"teddys-caress","Teddy's Caress","Ersa Nails","Press On Nails","4","8","","Gold|Red|White","Almond","Med","Glitter|Hand Painted",""
"a-touch-of-gold","A Touch of Gold","Ersa Nails","Press On Nails","4","9","","Gold|Nude","Almond","Med","Chrome|Metallic|Rhine Stone",""
"tidings-of-joy","Tidings of Joy","Ersa Nails","Press On Nails","4","7","","Jade|Red","Almond","Short","Cat Eye|Chrome|Hand Painted|Metallic|Pearl|Rhine Stone",""
"candy-cane-crush","Candy Cane Crush","Ersa Nails","Press On Nails","4","9","","Nude|Red","Almond","Med","French Tip|Glitter|Hand Painted",""
"beryl-enchantress","Beryl Enchantress","Ersa Nails","Press On Nails","4","7","","Jade|Nude","Almond","Short","Hand Painted|Metallic|Rhine Stone",""
"under-the-mistletoe","Under the Mistletoe","Ersa Nails","Press On Nails","4","7","","Pink|White","Almond","Short","Chrome|Glitter|Hand Painted|Mermaid|Metallic",""
"ersa-bunny-pouch","Ersa Bunny Pouch","Ersa Nails","TOOLS & ACCESSORIES","1","6","","","","","","color|shape|length|style"
"fallen-angel","Fallen Angel","Ersa Nails","Press On Nails","4","9","","Gold|Jade|Nude","Almond","Short","Chrome|French Tip|Metallic|Rhine Stone|Swirls",""
"starry-olive","Starry Olive","Ersa Nails","Press On Nails","4","9","","Gold|Jade","Almond","Short","Cat Eye|Chrome|Metallic|Rhine Stone",""
"silent-night","Silent Night","Ersa Nails","Press On Nails","4","7","","Nude|White","Almond","Med","Chrome|French Tip|Metallic|Rhine Stone",""
"midnight-serenade","Midnight Serenade","Ersa Nails","Press On Nails","4","7","","Blue|Gold|Nude","Almond","Med","Cat Eye|Chrome|French Tip|Metallic",""
"heavenly-embrace","Heavenly Embrace","Ersa Nails","Press On Nails","4","9","","Blue|Gold|Nude","Almond","Med","Cat Eye|Chrome|French Tip|Metallic|Rhine Stone",""
"rose-divinity","Rosé Divinity","Ersa Nails","Press On Nails","4","10","","Gold|Pink","Almond","Med","Cat Eye|Chrome|Metallic|Rhine Stone|Swirls",""
"ersa-holiday-bag","Ersa Handbag","Ersa Nails","TOOLS & ACCESSORIES","1","5","","","","","","color|shape|length|style"
"genuine","Genuine","Ersa Nails","Bundle","4","8","","Gold|Nude|Red","Almond","Med|Short","","style"
"eldorado","Eldorado","Ersa Nails","Press On Nails","8","12","","Gold|Nude","Almond","Med","Cat Eye|Chrome|Glitter|Metallic|Pearl",""
"solid-glue-tabs","Solid Glue Tabs","Ersa Nails","TOOLS & ACCESSORIES","4","4","","","","","","color|shape|length|style"
"dancing-blossoms","Dancing Blossoms","Ersa Nails","Press On Nails","4","7","","Blue|Nude|White","Almond","Short","French Tip|Hand Painted|Pearl",""
"petals-of-eternity","Petals of Eternity","Ersa Nails","Press On Nails","4","7","","Blue|Nude|White","Almond","Med","3D|French Tip|Hand Painted|Pearl",""
"pearl-of-the-orient","Pearl of the Orient","Ersa Nails","Press On Nails","4","7","","Blue|Nude|White","Almond","Med","Chrome|Hand Painted|Pearl",""
"miaojiang-girl","Miaojiang Girl","Ersa Nails","Press On Nails","4","7","","Black|Blue|Silver","Almond","Med","Chrome|Hand Painted|Metallic|Ombré|Pearl",""
"the-good-days","The Good Days","Ersa Nails","Press On Nails","4","8","","Gold|Red","Almond","Med","Aura|Chrome|Metallic|Pearl",""
"pink-reverie","Pink Reverie","Ersa Nails","Press On Nails","4","7","","Pink|White","Almond","Med","3D|Aura|Mermaid|Ombré",""
"opulence","Opulence","Ersa Nails","Press On Nails","4","7","","Gold|Red","Almond","Med","3D|Cat Eye|French Tip|Hand Painted|Metallic",""
"as-you-wished","As You Wished","Ersa Nails","Press On Nails","4","7","","Nude|Red","Almond","Short","Chrome|French Tip|Glitter|Hand Painted|Metallic",""
"ruby-venom","Ruby Venom","Ersa Nails","Press On Nails","4","8","","Nude|Red","Almond","Short","Chrome|Hand Painted|Mermaid|Metallic",""
"phoenix-nirvana","Phoenix Nirvana","Ersa Nails","Press On Nails","4","10","","Gold|Red","Almond","Long","3D|Cat Eye|Chrome|French Tip|Metallic|Pearl",""
"moonlit-bamboo","Moonlit Bamboo","Ersa Nails","Press On Nails","4","8","","Black|Gold","Almond","Med","Cat Eye|Chrome|Hand Painted|Metallic",""
"silent-majesty","Silent Majesty","Ersa Nails","Press On Nails","4","7","","Black|Gold","Oval","Long","3D|Chrome|Hand Painted|Metallic",""
"jades-embrace","Jade's Embrace","Ersa Nails","Press On Nails","4","12","","Jade","Coffin","Med","3D|Hand Painted|Ombré|Swirls",""
"reunion","Reunion","Ersa Nails","Bundle","4","19","","","Almond|Coffin|Oval","Long|Med","","color|style"
"she-walks-in-beauty","She Walks in Beauty","Ersa Nails","Bundle","4","8","","Black|Blue|Nude|White","Almond","Med","Hand Painted",""
"the-thriving-day","The Thriving Day","Ersa Nails","Bundle","4","9","","Gold|Nude|Red","Almond","Med","","style"
"femme-fatale","Femme Fatale","Ersa Nails","Bundle","4","8","","Black|Gold|Silver","Almond","Long|Med","Metallic",""
"graceful-waltz","Graceful Waltz","Ersa Nails","Bundle","4","8","","Blue|Jade|Pink|Purple|White","Almond|Coffin","Med","Hand Painted",""
"cherished-heart","Cherished Heart","Ersa Nails","Press On Nails","4","9","","Pink|White","Almond","Short","Aura|Cat Eye|Hand Painted|Pearl|Swirls",""
"adorable","Adorable","Ersa Nails","Press On Nails","4","10","","Pink|White","Almond","Med","Aura|Cat Eye|Chrome|Hand Painted|Metallic|Pearl|Rhine Stone",""
"cherished-moments","Cherished Moments","Ersa Nails","Press On Nails","4","10","","Red|White","Almond","Short","Glitter|Hand Painted",""
"little-heart","Little Heart","Ersa Nails","Press On Nails","4","8","","Nude|Red|White","Almond","Short","French Tip|Hand Painted",""
"heartstrings","Heartstrings","Ersa Nails","Press On Nails","4","7","","Red","Almond","Short","French Tip|Ombré|Rhine Stone",""
"a-kiss-to-remember","A Kiss to Remember","Ersa Nails","Press On Nails","4","8","","Red","Almond","Med","3D|Cat Eye|Chrome|French Tip|Hand Painted|Mermaid|Metallic|Rhine Stone",""
"moonlit-romance","Moonlit Romance","Ersa Nails","Press On Nails","4","8","","Pink","Almond","Short","French Tip|Hand Painted",""
"red-queen","Red Queen","Ersa Nails","Press On Nails","4","7","","Red","Almond","Med","3D|Cat Eye|Chrome|Hand Painted|Mermaid|Metallic",""
"petal-dance","Petal Dance","Ersa Nails","Press On Nails","4","9","","Nude|Pink","Almond","Short","3D|Aura|Hand Painted|Mermaid|Ombré",""
"ersa-collector-book","Ersa Collector Book","Ersa Nails","TOOLS & ACCESSORIES","3","4","","","","","","color|shape|length|style"
"morning-dew","Morning Dew","Ersa Nails","Press On Nails","4","10","","Jade|White","Almond","Med","3D|Aura|Chrome|French Tip|Mermaid",""
"lush-green","Lush Green","Ersa Nails","Press On Nails","8","12","","Gold|Jade|Nude","Almond","Med","Cat Eye|Chrome|French Tip|Hand Painted|Mermaid|Metallic|Swirls",""
"charming-petals","Charming Petals","Ersa Nails","Press On Nails","4","10","","Nude|Pink","Almond","Med","3D|Aura|French Tip|Ombré|Swirls",""
"wildest-dreams","Wildest Dreams","Ersa Nails","Press On Nails","4","11","","Pink|Purple|White","Almond","Med","3D|Cat Eye|Chrome|Mermaid|Metallic",""
"gilded-garden","Gilded Garden","Ersa Nails","Press On Nails","4","10","","Gold|Pink|White","Almond","Med","3D|Aura|Chrome|Glitter|Hand Painted|Metallic|Pearl",""
"tulip-fairy","Tulip Fairy","Ersa Nails","Press On Nails","4","13","","Gold|Pink|White","Almond","Med","3D|Aura|Chrome|Hand Painted|Mermaid|Metallic",""
"bloom-like-roses","Bloom like Roses","Ersa Nails","Press On Nails","4","8","","Pink|White","Almond","Med","Chrome|Mermaid|Metallic|Pearl|Swirls",""
"kaleidoscope-1","Kaleidoscope","Ersa Nails","Press On Nails","4","9","","Blue|Nude|Pink|Red|Yellow","Almond","Short","3D|Aura|French Tip|Hand Painted|Mermaid|Ombré",""
"green-forest","Green Forest","Ersa Nails","Press On Nails","4","10","","Jade|White","Almond","Med","3D|Aura|Cat Eye|Chrome|Glitter|Hand Painted|Mermaid|Metallic",""
"brush-on-nail-glue","Ersa Magic Glue","Ersa Nails","TOOLS & ACCESSORIES","3","7","","","","","normal;font-weight:normal;vertical-align:middle;word-break:normal;word-wrap:normal;}","color|shape|length"
"ersa-cuticle-oil-pen","Ersa Cuticle Oil Pen","Ersa Nails","TOOLS & ACCESSORIES","1","6","","","","","","color|shape|length|style"
"nail-glue-remover","Ersa Magic Remover","Ersa Nails","TOOLS & ACCESSORIES","3","6","","","","","","color|shape|length|style"
"lily-of-the-valley","Lily of the Valley","Ersa Nails","Press On Nails","4","10","","Nude|White","Almond","Med","Chrome|French Tip|Mermaid|Pearl",""
"wild-blossom","Wild Blossom","Ersa Nails","Press On Nails","4","11","","Jade|Nude|Pink","Oval","Long","3D|Aura|Hand Painted|Mermaid|Ombré|Swirls",""
"forest-elf-1","Forest Elf","Ersa Nails","Press On Nails","4","10","","Jade","Oval","Long","3D|Cat Eye|Chrome|Glitter|Hand Painted|Metallic|Swirls",""
"flower-hairclip","Flower Hairclip","Ersa Nails","TOOLS & ACCESSORIES","2","4","","","","","","color|shape|length|style"
"letters-from-the-garden","Letters from the Garden","Ersa Nails","Bundle","4","7","","Pink|White","Almond","Med","3D|Cat Eye|Chrome|Hand Painted",""
"petal-by-petal","Petal by Petal","Ersa Nails","Press On Nails","4","7","","Nude|Silver","Almond","Short","Chrome|Hand Painted|Metallic|Rhine Stone",""
"when-the-rain-stops","When the Rain Stops","Ersa Nails","Press On Nails","4","12","","Nude|Red","Almond","Short","3D|French Tip|Hand Painted",""
"from-the-garden","From the Garden","Ersa Nails","Press On Nails","4","8","","Jade","Almond","Short","Cat Eye|Chrome|Hand Painted|Metallic|Rhine Stone",""
"golden-dreams","Golden Dreams","Ersa Nails","Press On Nails","4","7","","Gold|Nude","Almond","Med","Chrome|Hand Painted|Metallic|Rhine Stone",""
"inflorescence","Inflorescence","Ersa Nails","Press On Nails","4","8","","Nude|Red","Almond","Short","3D|Aura|Chrome|Hand Painted|Mermaid|Metallic|Ombré|Pearl",""
"silken-waves","Silken Waves","Ersa Nails","Press On Nails","4","7","","Nude|White|Yellow","Almond","Med","3D|Chrome|French Tip|Mermaid|Ombré|Pearl",""
"velvet-rouge","Velvet Rouge","Ersa Nails","Press On Nails","8","11","","Nude|Red","Almond","Med","3D|Chrome|French Tip|Mermaid|Metallic|Swirls",""
"into-the-warmth","Into the Warmth","Ersa Nails","Press On Nails","4","8","","Brown|Jade|Nude","Almond","Med","3D|Aura|French Tip|Hand Painted|Mermaid|Metallic|Ombré|Swirls",""
"honolulu","Honolulu","Ersa Nails","Press On Nails","4","10","","Blue|Nude|Pink|White|Yellow","Almond","Med","3D|Chrome|French Tip|Hand Painted|Mermaid|Swirls",""
"summer-bay","Summer Bay","Ersa Nails","Press On Nails","4","12","","Blue|Nude|Pink|Yellow","Almond","Med","3D|Aura|French Tip|Hand Painted|Mermaid|Ombré|Swirls",""
"beyond-the-sea","Beyond the Sea","Ersa Nails","Press On Nails","4","15","","Blue|Silver","Almond","Short","Cat Eye|Chrome|Hand Painted|Metallic",""
"bubbly-splash","Bubbly Splash","Ersa Nails","Press On Nails","4","9","","Blue","Almond","Short","3D|Cat Eye|Mermaid|Pearl|Swirls",""
"ersa-bubble-binder","Ersa Bubble Binder","Ersa Nails","TOOLS & ACCESSORIES","1","3","","","","","","color|shape|length|style"
"golden-shoreline","Golden Shoreline","Ersa Nails","Press On Nails","4","10","","Nude|White|Yellow","Almond","Short","3D|French Tip|Hand Painted|Mermaid|Ombré|Swirls",""
"amethyst-glow","Amethyst Glow","Ersa Nails","Press On Nails","8","16","","Gold|Nude|Purple","Almond","Short","Cat Eye|French Tip|Mermaid|Metallic|Swirls",""
"blossom-beaded-necklace-work-piece","Blossom Beaded Necklace - Work Piece","Ersa Nails","TOOLS & ACCESSORIES","1","9","","","","","","color|shape|length|style"
"big-blossom-lightweight-earrings-work-piece","Big Blossom Lightweight Earrings - Work Piece","Ersa Nails","TOOLS & ACCESSORIES","1","8","","","","","","color|shape|length|style"
"deep-woods","Deep Woods","Ersa Nails","Press On Nails","4","9","","Brown|Jade|White","Almond","Med","3D|Aura|Chrome|Hand Painted|Mermaid|Metallic|Ombré|Swirls",""
"ersa-nail-stamp","Ersa Nail Stamp","Ersa Nails","TOOLS & ACCESSORIES","3","9","","","","","","color|shape|length|style"
"flowerbomb","Flowerbomb","Ersa Nails","Press On Nails","4","11","","Blue|Nude|Yellow","Almond","Med","Aura|French Tip|Hand Painted|Ombré|Swirls",""
"sumptuous","Sumptuous","Ersa Nails","Press On Nails","4","8","","Gold|Nude","Almond","Med","3D|Chrome|Hand Painted|Metallic|Pearl|Rhine Stone",""
"ersa-gift-packaging","Ersa Gift Packaging","Ersa Nails","TOOLS & ACCESSORIES","1","2","","","","","","color|shape|length|style"
"miss-charming","Miss Charming","Ersa Nails","Bundle","8","7","","Gold|Nude|Pink|Red","Almond","Short","3D|Chrome|Metallic|Ombré|Swirls",""
"for-her","For Her","Ersa Nails","Bundle","8","6","","Gold|Nude|White","Almond","Med","3D|Cat Eye|Chrome|French Tip|Hand Painted|Metallic|Rhine Stone",""
"ersa-nude-series","Ersa Nude Series","Ersa Nails","Press On Nails","36","32","","Brown|Nude|Pink","Almond","Short","","style"
"ersa-ombre-series","Ersa Ombré Series","Ersa Nails","Press On Nails","12","15","","Nude|Pink|White","Almond","Short","Glitter|Ombré",""
"ersa-french-tip-series","Ersa French Tip Series","Ersa Nails","Press On Nails","20","20","","Brown|Nude|White","Almond","Short","French Tip",""
"ersa-cat-eye-series","Ersa Cat Eye Series","Ersa Nails","Press On Nails","40","34","","Pink|Silver","Almond","Short","Cat Eye",""
"yinyang","Yinyang","Ersa Nails","Press On Nails","4","10","","Black|Gold|Nude","Almond","Med","Cat Eye|French Tip|Glitter|Hand Painted|Mermaid|Metallic|Ombré|Swirls",""
"blush-peony","Blush Peony","Ersa Nails","Press On Nails","4","8","","Gold|Pink","Almond","Short","Cat Eye|French Tip|Glitter|Metallic|Swirls",""
"lunaflora","Lunaflora","Ersa Nails","Press On Nails","4","8","","Blue|Gold|Nude","Almond","Short","3D|Cat Eye|French Tip|Hand Painted|Metallic",""
"hailey","Hailey Series","Ersa Nails","Press On Nails","12","20","","Nude","Almond","Short","Chrome|Ombré",""
"ersa-f04-red-velvet","Ersa F04 - Red Velvet","Ersa Nails","Press On Nails","4","10","","Nude|Red","Almond","Short","French Tip",""
"ersa-f05-black-swan","Ersa F05 - Black Swan","Ersa Nails","Press On Nails","4","8","","Black|Nude","Almond","Short","French Tip",""
"ersa-cat-eye-series-gemstone-edition","Ersa Cat Eye Series - Gemstone Edition","Ersa Nails","Press On Nails","28","30","","Black|Blue|Gold|Jade|Red","Almond","Short","Cat Eye",""
"ersa-c03-peachy","Ersa C03 - Peachy","Ersa Nails","Press On Nails","12","11","","","Almond|Square","Med|Short","Cat Eye","color"
"ersa-c02-rosy","Ersa C02 - Rosy","Ersa Nails","Press On Nails","12","14","","Pink","Almond|Square","Med|Short","Cat Eye",""
"ersa-n01-porcelain","Ersa N01 - Porcelain","Ersa Nails","Press On Nails","12","15","","Nude","Almond|Square","Med|Short","","style"
"ersa-n09-honey","Ersa N09 - Honey","Ersa Nails","Press On Nails","12","12","","Nude","Almond|Square","Med|Short","","style"
"seafoam","Seafoam","Ersa Nails","Press On Nails","4","9","","Blue|Nude","Almond","Short","Cat Eye|Hand Painted|Mermaid|Ombré",""
"on-my-way","On My Way","Ersa Nails","Press On Nails","4","9","","Blue|Nude|Pink|Yellow","Almond","Short","3D|Aura|French Tip|Mermaid|Ombré",""
"ersa-c09-pink-garnet","Ersa C09 - Pink Garnet","Ersa Nails","Press On Nails","4","9","","Pink","Almond","Short","Cat Eye",""
"ersa-c10-ocean-eyes","Ersa C10 - Ocean Eyes","Ersa Nails","Press On Nails","4","9","","Blue","Almond","Short","Cat Eye",""
"hailey-02-cinderella","Hailey 02 - Cinderella","Ersa Nails","Press On Nails","4","13","","Blue","Almond","Short","Chrome",""
"hailey-03-barbie","Hailey 03 - Barbie","Ersa Nails","Press On Nails","4","11","","Pink","Almond","Short","Chrome",""
"never-ending-summer","Never-ending Summer","Ersa Nails","Press On Nails","4","10","","Blue|Nude|Yellow","Almond","Short","French Tip|Hand Painted|Mermaid",""
"beach-its-time","Beach It's Time","Ersa Nails","Press On Nails","4","12","","Blue|Pink|White|Yellow","Almond","Med","3D|French Tip|Hand Painted|Mermaid|Ombré",""
"my-happy-hour","My Happy Hour","Ersa Nails","Press On Nails","4","9","","Blue|Orange|White","Almond","Short","French Tip|Hand Painted",""
"shining","Shining","Ersa Nails","Press On Nails","4","8","","Brown|Nude","Almond","Short","Chrome|Hand Painted|Metallic|Rhine Stone",""
"the-abyss","The Abyss","Ersa Nails","Press On Nails","4","9","","Black|Nude|Silver","Oval","Long","Aura|French Tip|Hand Painted|Metallic",""
"desert-flower","Desert Flower","Ersa Nails","Press On Nails","4","9","","Brown|Gold|White","Almond","Med","3D|Mermaid|Metallic|Ombré|Swirls",""
"dune-glimmer","Dune Glimmer","Ersa Nails","Press On Nails","4","9","","Brown|Silver","Almond","Med","Cat Eye|Hand Painted|Metallic|Swirls",""
"express-yourself","Express Yourself","Ersa Nails","Press On Nails","4","12","","Brown|Gold|Nude","Oval","Long","French Tip|Hand Painted|Metallic|Swirls",""
"wild-flame","Wild Flame","Ersa Nails","Press On Nails","4","12","","Black|Gold|Nude|Red","Oval","Long","3D|French Tip|Hand Painted|Metallic|Swirls",""
"rebel-bloom","Rebel Bloom","Ersa Nails","Press On Nails","4","11","","Blue|Brown|Nude","Almond","Med","3D|Aura|Chrome|French Tip|Hand Painted|Metallic|Swirls",""
"like-a-star","Like A Star","Ersa Nails","Press On Nails","4","12","","Blue|Nude|Red|Silver","Oval","Long","Aura|Chrome|French Tip|Hand Painted|Metallic|Ombré",""
"wild-heart","Wild Heart","Ersa Nails","Press On Nails","4","13","","Brown|Nude","Oval","Long","3D|Chrome|Hand Painted|Metallic|Ombré|Swirls",""
"for-the-night","For the Night","Ersa Nails","Press On Nails","4","8","","Black|Blue|Nude|Silver|White","Almond","Med","3D|Cat Eye|Chrome|French Tip|Mermaid|Metallic|Ombré",""
"silver-venom","Silver Venom","Ersa Nails","Press On Nails","4","10","","Jade|Nude|Silver","Oval","Long","3D|Cat Eye|Chrome|Hand Painted|Metallic",""
"spellbound","Spellbound","Ersa Nails","Press On Nails","4","11","","Pink|Silver|Yellow","Almond","Short","Aura|Chrome|Mermaid|Metallic",""
"enigma","Enigma","Ersa Nails","Press On Nails","4","8","","Black|Nude|White","Almond","Med","French Tip|Hand Painted|Mermaid|Metallic",""
"glitzy","Glitzy","Ersa Nails","Press On Nails","4","11","","Blue|Nude|Silver","Almond","Med","3D|Chrome|French Tip|Hand Painted|Metallic|Ombré",""
"dynamite","Dynamite","Ersa Nails","Press On Nails","4","8","","Black|Brown","Almond","Med","Aura|French Tip|Hand Painted|Metallic|Swirls",""
"metal-mesh","Metal Mesh","Ersa Nails","Press On Nails","4","9","","Nude|Silver|White","Oval","Long","Chrome|French Tip|Hand Painted|Metallic|Swirls",""
"live-my-life","Live My Life","Ersa Nails","Press On Nails","4","7","","Black|Nude|Red","Oval","Long","3D|Chrome|French Tip|Metallic|Swirls",""
"bad-girl","Bad Girl","Ersa Nails","Press On Nails","4","7","","Black|Nude|White","Oval","Long","3D|French Tip|Hand Painted|Metallic",""
"pop-star","Pop Star","Ersa Nails","Press On Nails","4","9","","Black|Silver|White","Oval","Long","Chrome|French Tip|Metallic|Swirls",""
"interstellar","Interstellar","Ersa Nails","Press On Nails","4","7","","Black|Silver","Almond","Med","Cat Eye|Chrome|Hand Painted|Mermaid|Metallic",""
"im-the-best","I'm the Best","Ersa Nails","Bundle","4","12","","Blue|Red|Silver","Almond|Oval","Long|Med","3D|Chrome|Hand Painted",""
"dreamscape","Dreamscape","Ersa Nails","Bundle","12","10","","Purple|Silver","Almond","Short","3D|Cat Eye|Chrome|Hand Painted|Mermaid|Metallic",""
"pixie","Pixie","Ersa Nails","Press On Nails","4","8","","Pink|Silver","Almond","Short","Chrome|Hand Painted|Metallic",""
"armageddon","Armageddon","Ersa Nails","Press On Nails","4","9","","Black|Silver|White","Almond","Short","Chrome|Matte|Mermaid|Metallic|Ombré|Pearl|Simple",""
"siren","Siren","Ersa Nails","Press On Nails","4","7","","Blue|Silver","Almond","Short","Cat Eye|Chrome|Hand Painted|Metallic",""
"insane","Insane","Ersa Nails","Press On Nails","4","8","","Pink|Silver","Almond","Med","Cat Eye|Chrome|Glitter|Hand Painted|Metallic",""
"supernova","Supernova","Ersa Nails","Press On Nails","4","8","","Blue|Pink|White","Almond","Med","Cat Eye|French Tip|Metallic|Ombré|Rhine Stone|Swirls",""
"sea-vivid","Sea Vivid","Ersa Nails","Press On Nails","4","8","","Blue|Pink|White","Almond","Short","3D|Aura|Cat Eye|French Tip|Hand Painted|Mermaid|Metallic|Ombré|Swirls",""
"polka-pop","Polka Pop","Ersa Nails","Press On Nails","4","11","","Black|White","Almond","Short","French Tip|Hand Painted|Simple",""
"latte-kiss","Latte Kiss","Ersa Nails","Press On Nails","4","9","","Black|Pink","Almond","Short","French Tip|Hand Painted|Simple",""
"bloom-whimsy-1","Bloom Whimsy","Ersa Nails","Press On Nails","4","7","","Gold|Pink","Almond","Short","3D|French Tip|Hand Painted|Mermaid|Ombré|Swirls",""
"ersa-cat-eye-seriesⅱ","Ersa Cat Eye Series Ⅱ","Ersa Nails","Press On Nails","12","14","","Jade|Purple|Silver","Almond","Short","Cat Eye|Simple",""
"polka-pearl","Polka Pearl","Ersa Nails","Press On Nails","4","11","","Black|White","Almond","Med","3D|French Tip|Glitter|Hand Painted",""
"ladybug","Ladybug","Ersa Nails","Press On Nails","4","8","","Black|White","Almond","Med","French Tip|Mermaid|Simple",""
"rococo","Rococo","Ersa Nails","Press On Nails","4","11","","Blue|Brown","Almond","Short","French Tip|Hand Painted|Simple",""
"queendom","Queendom","Ersa Nails","Press On Nails","4","10","","Brown|Gold","Almond","Med","3D|Aura|French Tip|Metallic|Ombré|Swirls",""
"dahlia","DAHLIA","Ersa Nails","Press On Nails","4","7","","Brown|Gold","Almond","Short","3D|Chrome|French Tip|Metallic|Rhine Stone|Swirls",""
"lucid-dream","Lucid Dream","Ersa Nails","Press On Nails","4","13","","Brown|Gold|Red","Almond","Med","Cat Eye|Chrome|French Tip|Hand Painted|Metallic|Ombré|Swirls",""
"prologue","Prologue","Ersa Nails","Press On Nails","4","14","","Brown|Gold|Nude","Almond","Med","3D|Aura|Chrome|French Tip|Metallic|Swirls",""
"fallen-muse","Fallen Muse","Ersa Nails","Press On Nails","4","8","","Black|Brown|Gold","Oval","Long","3D|Chrome|French Tip|Hand Painted|Metallic|Ombré|Pearl|Swirls",""
"so-far-away","So Far Away","Ersa Nails","Press On Nails","4","11","","Black|Brown|Gold","Almond","Med","3D|Aura|French Tip|Hand Painted|Metallic|Swirls",""
"cherry-bullet","Cherry Bullet","Ersa Nails","Press On Nails","4","7","","Black|Brown|Red","Almond","Med","3D|Aura|French Tip|Hand Painted|Metallic|Swirls",""
"midnight-dream","Midnight Dream","Ersa Nails","Press On Nails","4","7","","Blue|Jade|Silver","Almond","Med","Cat Eye|Chrome|Hand Painted|Mermaid|Metallic",""
"tick-tack","Tick Tack","Ersa Nails","Press On Nails","4","7","","Black|White","Almond","Med","3D|French Tip|Hand Painted",""
"last-forever","Last Forever","Ersa Nails","Press On Nails","4","8","","Gold|Pink","Almond","Med","Cat Eye|Chrome|French Tip|Metallic|Pearl|Swirls",""
"twilight-zone","Twilight Zone","Ersa Nails","Bundle","4","11","","Brown","Almond","Med","","style"
"gold-rush","Gold Rush","Ersa Nails","Bundle","4","15","","Brown|Red","Almond","Med","","style"
"cinnamon-mocha","Cinnamon Mocha","Ersa Nails","Press On Nails","4","8","","Brown|White","Square","Long","3D|Aura|French Tip|Hand Painted|Metallic|Swirls",""
"burnt-honey","Burnt Honey","Ersa Nails","Bundle","4","11","","Blue|Brown|Gold|Nude|Pink","Almond","Short","3D|Hand Painted|Swirls",""
"better-me","Better Me","Ersa Nails","Press On Nails","4","9","","Brown|Nude","Almond","Short","French Tip|Hand Painted",""
"soft-spot","Soft Spot","Ersa Nails","Press On Nails","4","7","","Nude|Red|Yellow","Almond","Short","Aura|French Tip|Hand Painted",""
"sensational","Sensational","Ersa Nails","Press On Nails","4","6","","Black|Gold|White","Squoval","Short","Cat Eye|Hand Painted",""
"meet-at-midnight","Meet at Midnight","Ersa Nails","Press On Nails","4","11","","Nude|White","Almond","Med","Chrome|French Tip|Hand Painted",""
"dark-blood","Dark Blood","Ersa Nails","Press On Nails","8","12","","Black|Red","Almond|Oval","Long|Med","Simple",""
"garnet","Garnet","Ersa Nails","Press On Nails","8","11","","Red","Almond","Med|Short","Cat Eye|Rhine Stone|Simple",""
"starry-bloom","Starry Bloom","Ersa Nails","Press On Nails","4","6","","Black","Square","Short","Glitter",""
"cosmic-love","Cosmic Love","Ersa Nails","Press On Nails","4","8","","Gold|Jade|Nude","Almond","Med","Cat Eye|Chrome|French Tip|Hand Painted|Metallic|Swirls",""
"play-date","Play Date","Ersa Nails","Press On Nails","4","11","","Nude|White","Square","Long","3D|French Tip|Hand Painted",""
"freaky-funtime","Freaky Funtime","Ersa Nails","Press On Nails","4","7","","Orange|Purple","Squoval","Short","3D|Hand Painted",""
"coraline","Coraline","Ersa Nails","Press On Nails","4","10","","Blue","Almond","Med","3D|Aura|Cat Eye|French Tip|Hand Painted|Ombré",""
"wednesday","Wednesday","Ersa Nails","Press On Nails","4","8","","Black|Nude","Almond","Short","Chrome|Hand Painted|Metallic",""
"red-face-gem","Red Face Gem","Ersa Nails","TOOLS & ACCESSORIES","1","1","","","","","","color|shape|length|style"
"candy-curse","Candy Curse","Ersa Nails","Press On Nails","4","7","","Pink","Almond","Short","Cat Eye|French Tip|Hand Painted",""
"emerald-memory","Emerald Memory","Ersa Nails","Press On Nails","4","7","","","Almond","Med","3D|Aura|Chrome|French Tip|Hand Painted|Mermaid|Metallic","color"
"pure-crush","Pure Crush","Ersa Nails","Press On Nails","4","7","","Brown|Gold|Nude","Square","Long","Chrome|French Tip|Hand Painted|Mermaid|Metallic|Swirls",""
"mocha-chestnut","Mocha Chestnut","Ersa Nails","Press On Nails","4","7","","Brown|Nude","Almond","Short","Aura|Cat Eye|Chrome|Mermaid|Metallic|Rhine Stone",""
"ersa-collector-case","Ersa Collector Case","Ersa Nails","TOOLS & ACCESSORIES","1","3","","","","","","color|shape|length|style"
"cherry-juice","Cherry Juice","Ersa Nails","Press On Nails","4","7","","Nude|Pink|Red","Almond","Short","3D|French Tip|Hand Painted",""
"solid-nail-glue-gel-max","Solid Nail Glue Gel Max","Ersa Nails","TOOLS & ACCESSORIES","5","9","","","","","","color|shape|length|style"
"protouch-kit-max","ProTouch Kit Max","Ersa Nails","TOOLS & ACCESSORIES","4","10","","","","","","color|shape|length|style"
"coffee-break","Coffee Break","Ersa Nails","Press On Nails","4","7","","Brown","Almond","Short","Cat Eye|French Tip|Hand Painted",""
"chilly-mornings","Chilly Mornings","Ersa Nails","Press On Nails","4","7","","Blue|Brown","Almond","Short","Hand Painted|Swirls",""
"sweet-cherry","Sweet Cherry","Ersa Nails","Press On Nails","4","8","","Nude|Red","Almond","Med","3D|French Tip|Hand Painted",""
"3m-sticky-tabs-pack-5-sheets","3M Sticky Tabs Pack","Ersa Nails","TOOLS & ACCESSORIES","1","3","","","","","","color|shape|length|style"
"under-the-bow","Under the Bow","Ersa Nails","Press On Nails","4","12","","Gold|Nude|Red","Almond","Med","3D|Aura|Cat Eye|Chrome|French Tip|Hand Painted|Mermaid|Metallic",""
"golden-safari","Golden Safari","Ersa Nails","Press On Nails","4","7","","Brown|Nude","Almond","Med","3D|Cat Eye|French Tip|Hand Painted|Mermaid|Swirls",""
"ersa-clear-typing-stickers","Ersa Clear Typing Stickers","Ersa Nails","TOOLS & ACCESSORIES","2","6","","","","","","color|shape|length|style"
"burgundy","Burgundy","Ersa Nails","Press On Nails","8","8","","Red","Almond","Med|Short","","style"
"deep-cranberry","Deep Cranberry","Ersa Nails","Press On Nails","8","8","","Red","Almond","Med|Short","","style"
"cherry-pop","Cherry Pop","Ersa Nails","Press On Nails","8","8","","Red","Almond","Med|Short","","style"
"kinda-sexy","Kinda Sexy","Ersa Nails","Press On Nails","8","8","","Nude","Almond","Med|Short","Cat Eye|French Tip",""
"peach-fizz","Peach Fizz","Ersa Nails","Press On Nails","4","7","","Pink","Almond","Med","Glitter|Ombré",""
"pink-ice","Pink Ice","Ersa Nails","Press On Nails","4","7","","Pink","Almond","Med","Glitter|Hand Painted|Ombré",""
"crimson-plaid","Crimson Plaid","Ersa Nails","Press On Nails","4","7","","Red","Almond","Short","Cat Eye|Glitter|Hand Painted",""
"bare-berry","Bare & Berry","Ersa Nails","Press On Nails","4","5","","Red","Almond","Med","Glitter",""
"frosted-ruby","Frosted Ruby","Ersa Nails","Press On Nails","4","5","","White","Almond","Med","Glitter",""
"ersa-f01-pure","Ersa F01 - Pure","Ersa Nails","Press On Nails","8","8","","Nude","Almond","Med|Short","French Tip",""
"ersa-o02-cloud-fade","Ersa O02 - Cloud Fade","Ersa Nails","Press On Nails","8","8","","Nude","Almond","Med|Short","Ombré",""
"ersa-manicure-kit","Ersa Manicure Kit","Ersa Nails","TOOLS & ACCESSORIES","1","2","","","","","","color|shape|length|style"
"ersa-cuticle-oil-pusher","Ersa Cuticle Oil Pusher","Ersa Nails","TOOLS & ACCESSORIES","1","3","","","","","","color|shape|length|style"
"ersa-nail-charms-kit","Ersa Nail Charms Kit","Ersa Nails","TOOLS & ACCESSORIES","1","4","","","","","","color|shape|length|style"
"ersa-nail-file-set","Ersa Nail File Set","Ersa Nails","TOOLS & ACCESSORIES","1","4","","","","","","color|shape|length|style"
"green-gem-series","Green Gem Series","Ersa Nails","Press On Nails","20","17","","Jade","Almond","Short","Cat Eye",""
"bare-essence","Bare Essence","Ersa Nails","Press On Nails","8","8","","Jade","Almond","Med|Short","French Tip",""
"verdant-series","Verdant Series","Ersa Nails","Press On Nails","20","16","","Jade","Almond","Short","","style"
"make-a-wish-1","Make a Wish","Ersa Nails","Press On Nails","4","8","","Pink|Red","Almond","Med","3D|Aura|Cat Eye|Glitter|Hand Painted|Mermaid",""
"twinkling-lights","Twinkling Lights","Ersa Nails","Press On Nails","4","7","","Red","Almond","Short","Cat Eye|Glitter|Hand Painted|Rhine Stone",""
"red-velvet-bow","Red Velvet Bow","Ersa Nails","Press On Nails","4","8","","Red","Almond","Med","Cat Eye|Hand Painted",""
"santa-baby","Santa Baby","Ersa Nails","Press On Nails","4","10","","Red|White","Almond","Short","3D|Glitter|Hand Painted|Mermaid",""
"sugarplum","Sugarplum","Ersa Nails","Press On Nails","4","7","","Red","Almond","Short","3D|Cat Eye|Glitter|Rhine Stone|Swirls",""
"frost-kiss","Frost Kiss","Ersa Nails","Press On Nails","4","7","","Pink|White","Almond","Short","Cat Eye|Glitter|Hand Painted|Ombré|Rhine Stone",""
"evergleam","Evergleam","Ersa Nails","Press On Nails","4","7","","Nude","Almond","Med","Cat Eye|Chrome|French Tip|Hand Painted|Metallic",""
"holly-bliss","Holly Bliss","Ersa Nails","Press On Nails","4","10","","Red","Almond","Med","Cat Eye|Chrome|French Tip|Glitter|Hand Painted|Mermaid|Metallic|Swirls",""
"gilded-tartan","Gilded Tartan","Ersa Nails","Press On Nails","4","7","","Nude|Red","Almond","Med","Chrome|French Tip|Hand Painted|Metallic|Rhine Stone",""
"the-magic","The Magic","Ersa Nails","Press On Nails","4","10","","Nude|Red","Almond","Med","Chrome|French Tip|Hand Painted|Mermaid|Metallic|Rhine Stone",""
"holy-serenade","Holy Serenade","Ersa Nails","Press On Nails","4","7","","Nude|Red","Almond","Med","Aura|French Tip|Hand Painted|Pearl|Rhine Stone",""
"twinkle-wreaths","Twinkle Wreaths","Ersa Nails","Press On Nails","4","10","","Red|White","Almond","Med","Cat Eye|Chrome|Hand Painted|Mermaid|Metallic",""
"midwinter-melody","Midwinter Melody","Ersa Nails","Press On Nails","4","7","","","Almond","Med","Cat Eye|Chrome|French Tip|Glitter|Hand Painted|Metallic","color"
"scarlette","Scarlette","Ersa Nails","Press On Nails","4","7","","Red","Almond","Med","Cat Eye|Mermaid|Simple",""
"icy-wishes","Icy Wishes","Ersa Nails","Press On Nails","4","11","","Blue|White","Almond","Med","3D|Cat Eye|Chrome|French Tip|Hand Painted|Metallic|Rhine Stone",""
"icy-spruce","Icy Spruce","Ersa Nails","Press On Nails","4","8","","Blue|White","Almond","Short","3D|Cat Eye|Chrome|French Tip|Hand Painted|Metallic",""
"snowy-melody","Snowy Melody","Ersa Nails","Press On Nails","4","7","","Blue","Almond","Med","Cat Eye|Chrome|Mermaid|Metallic|Rhine Stone",""
"warm-n-cozy","Warm n Cozy","Ersa Nails","Press On Nails","4","7","","Nude|Red","Almond","Med","Cat Eye|Glitter|Pearl|Rhine Stone",""
"jingle-spark","Jingle Spark","Ersa Nails","Bundle","4","11","","Nude|Red","Almond","Med","","style"
"snowy-memories","Snowy Memories","Ersa Nails","Press On Nails","4","8","","Pink","Almond","Med","French Tip|Hand Painted|Mermaid|Rhine Stone",""
"mistletoe-glam","Mistletoe Glam","Ersa Nails","Press On Nails","4","9","","Nude","Almond","Short","French Tip|Glitter|Hand Painted",""
"feelin-winter","Feelin' Winter","Ersa Nails","Press On Nails","4","9","","White","Almond","Short","3D|Cat Eye|Glitter|Hand Painted|Mermaid",""
"ersa-advent-calendar-i","Ersa Advent Calendar","Ersa Nails","Bundle","12","9","","Red|White","Almond","Med|Short","","style"
"mistletoe-kiss","Mistletoe Kiss","Ersa Nails","Press On Nails","4","7","","Pink|Red","Almond","Short","Chrome|French Tip|Glitter|Hand Painted|Metallic|Rhine Stone",""
"flicker-bow","Flicker Bow","Ersa Nails","Press On Nails","4","7","","Black|Gold","Almond","Med","Cat Eye|Chrome|French Tip|Glitter|Mermaid|Metallic|Ombré|Pearl",""
"professional-tool-set","Professional Tool Set","Ersa Nails","TOOLS & ACCESSORIES","2","5","","","","","","color|shape|length|style"
"snow-angel","Snow Angel","Ersa Nails","Press On Nails","4","7","","Nude|Red","Almond","Med","3D|Glitter|Hand Painted",""
"midnight-dance","Midnight Dance","Ersa Nails","Press On Nails","4","7","","Blue|Nude","Almond","Short","Cat Eye|French Tip|Glitter|Mermaid|Ombré|Rhine Stone",""
"frosty-delights","Frosty Delights","Ersa Nails","Press On Nails","4","7","","Pink|White","Almond","Med","Cat Eye|French Tip|Glitter|Hand Painted|Mermaid|Pearl|Rhine Stone|Swirls",""
"ho-ho-holiday","Ho Ho Holiday","Ersa Nails","Press On Nails","4","7","","Pink","Almond","Med","Cat Eye|Chrome|Hand Painted|Metallic",""
"best-wishes","Best Wishes","Ersa Nails","Press On Nails","4","7","","Red","Almond","Med","Cat Eye|French Tip|Hand Painted",""
"hearts-aflutter","Hearts Aflutter","Ersa Nails","Press On Nails","4","7","","Red|White","Almond","Med","Cat Eye|French Tip|Hand Painted",""
"good-news","Good News","Ersa Nails","Press On Nails","4","11","","Blue|Pink","Almond","Med","Cat Eye|Chrome|French Tip|Metallic",""
"the-iconic","The Iconic","Ersa Nails","Press On Nails","4","7","","Nude|Red","Square","Long","French Tip|Glitter|Hand Painted|Rhine Stone",""
"one-more-kiss","One More Kiss","Ersa Nails","Press On Nails","4","7","","Pink|Red","Almond","Short","Cat Eye|French Tip|Simple",""
"into-the-winter","Into The Winter","Ersa Nails","Press On Nails","4","7","","Blue|White","Almond","Short","3D|Cat Eye|Hand Painted|Ombré",""
"sweet-n-cool","Sweet n Cool","Ersa Nails","Press On Nails","4","7","","Blue|White","Almond","Short","3D|Aura|Hand Painted|Mermaid",""
"ersa-nail-clipper","Ersa Nail Clipper","Ersa Nails","TOOLS & ACCESSORIES","1","3","","","","","","color|shape|length|style"
"my-only-wish","My Only Wish","Ersa Nails","Press On Nails","4","7","","Nude|Purple|White","Almond","Med","Cat Eye|Chrome|French Tip|Glitter|Hand Painted|Mermaid|Metallic",""
"moonlit-night","Moonlit Night","Ersa Nails","Press On Nails","4","7","","Blue|Gold|Nude|White","Almond","Short","Cat Eye|Chrome|French Tip|Glitter|Hand Painted|Metallic|Rhine Stone",""
"the-gift","The Gift","Ersa Nails","Press On Nails","4","7","","","Almond","Short","Cat Eye|Hand Painted","color"
"blissful-radiance","Blissful Radiance","Ersa Nails","Press On Nails","4","10","","Gold|Nude","Almond","Short","Cat Eye|Chrome|Hand Painted|Metallic|Ombré|Rhine Stone",""
"miss-cherry","Miss Cherry","Ersa Nails","Press On Nails","4","8","","","Almond","Med","3D|Chrome|French Tip|Hand Painted|Metallic","color"
"starlight","Starlight","Ersa Nails","Press On Nails","4","7","","Nude","Almond","Short","Chrome|Hand Painted|Metallic|Ombré|Rhine Stone",""
"silver-frost","Silver Frost","Ersa Nails","Press On Nails","4","7","","Silver|White","Almond","Med","French Tip|Glitter|Hand Painted|Mermaid",""
"lover","Lover","Ersa Nails","Press On Nails","4","12","","Pink|White","Almond","Med","Aura|Chrome|Glitter|Hand Painted|Metallic",""
"cupids-gift","Cupid's Gift","Ersa Nails","Press On Nails","4","8","","Pink|Red","Almond","Short","Aura|Cat Eye|Chrome|Hand Painted|Metallic|Simple",""
"jewels-of-light","Jewels Of Light","Ersa Nails","Press On Nails","4","7","","Nude","Almond","Med","Cat Eye|Chrome|Glitter|Hand Painted|Metallic|Rhine Stone",""
"lilac-dreams","Lilac Dreams","Ersa Nails","Press On Nails","4","11","","Purple","Almond","Med","Cat Eye|Chrome|Glitter|Metallic|Swirls",""
"falling-for-you","Falling For You","Ersa Nails","Press On Nails","4","8","","Nude|Pink|Red","Almond","Med","French Tip|Hand Painted",""
"still-the-one","Still The One","Ersa Nails","Press On Nails","4","10","","Nude|Pink|White","Almond","Short","Cat Eye|Chrome|Hand Painted|Metallic",""
"fervent","Fervent","Ersa Nails","Press On Nails","4","7","","Gold|Red|White","Almond","Short","Cat Eye|Chrome|Glitter|Metallic|Ombré",""
"be-mine","Be Mine","Ersa Nails","Press On Nails","4","7","","Pink|White","Almond","Short","Aura|Chrome|Glitter|Hand Painted|Metallic",""
"dearest-love","Dearest Love","Ersa Nails","Press On Nails","4","10","","Nude|Red|White","Almond","Med","Cat Eye|Chrome|Hand Painted|Metallic|Rhine Stone",""
"sweetest-gift","Sweetest Gift","Ersa Nails","Press On Nails","4","7","","Nude|Pink|Red","Almond","Med","Hand Painted|Ombré|Rhine Stone",""
"glow-muse","Glow Muse","Ersa Nails","Press On Nails","4","10","","Pink","Almond","Med","Cat Eye|Rhine Stone|Swirls",""
"ersa-pink-cat-eye-series","Ersa Pink Cat Eye Series","Ersa Nails","Press On Nails","24","21","","Pink","Almond","Short","Cat Eye",""
"iridescent-bloom","Iridescent Bloom","Ersa Nails","Press On Nails","4","7","","Jade|Nude","Coffin","Med","Cat Eye|Chrome|Hand Painted|Mermaid|Metallic|Ombré|Rhine Stone|Swirls",""
"sweet-delights","Sweet Delights","Ersa Nails","Press On Nails","4","7","","Nude|Pink","Coffin","Med","Aura|French Tip|Hand Painted|Rhine Stone",""
"persian-gulf","Persian Gulf","Ersa Nails","Press On Nails","4","7","","Nude|Purple","Coffin","Med","Cat Eye|Chrome|Hand Painted|Metallic|Ombré|Pearl|Rhine Stone",""
"blushed-lily","Blushed Lily","Ersa Nails","Press On Nails","4","7","","Pink|White","Coffin","Med","3D|Aura|Cat Eye|Rhine Stone",""
"peach-essence","Peach Essence","Ersa Nails","Press On Nails","4","7","","Nude|Pink","Coffin","Med","3D|Aura|French Tip|Pearl|Rhine Stone",""
"flourishing","Flourishing","Ersa Nails","Press On Nails","4","10","","Blue|Gold","Almond","Med","Cat Eye|Chrome|French Tip|Glitter|Hand Painted|Metallic|Rhine Stone",""
"starlit-blossom","Starlit Blossom","Ersa Nails","Press On Nails","4","11","","Blue|Gold","Almond","Med","Cat Eye|Chrome|Hand Painted|Metallic|Rhine Stone",""
"jade-fleur","Jade Fleur","Ersa Nails","Press On Nails","4","9","","Gold|Red|White","Almond","Med","Chrome|Hand Painted|Metallic|Rhine Stone",""
"mystic-nacre","Mystic Nacre","Ersa Nails","Press On Nails","4","11","","Black|Blue","Almond","Med","Cat Eye|French Tip|Glitter|Hand Painted|Pearl",""
"enamel-glam","Enamel Glam","Ersa Nails","Press On Nails","4","11","","Blue|Pink","Almond","Med","Cat Eye|Chrome|French Tip|Glitter|Hand Painted|Metallic|Ombré",""
"shui-mo","Shui-Mo","Ersa Nails","Press On Nails","4","13","","Black|Gold|Red","Almond","Med","Cat Eye|French Tip|Glitter|Hand Painted",""
"prosperity","Prosperity","Ersa Nails","Press On Nails","4","10","","Gold|Red","Almond","Long","Cat Eye|French Tip|Glitter|Hand Painted|Metallic|Pearl|Rhine Stone|Swirls",""
"auspicious","Auspicious","Ersa Nails","Press On Nails","4","10","","Blue","Almond","Med","Cat Eye|Chrome|French Tip|Glitter|Hand Painted|Metallic|Pearl",""
"orchid-splendor","Orchid Splendor","Ersa Nails","Press On Nails","4","9","","Gold|Red","Almond","Med","Cat Eye|Chrome|French Tip|Glitter|Hand Painted|Metallic",""
"frosted-porcelain","Frosted Porcelain","Ersa Nails","Press On Nails","4","9","","Jade|White","Almond","Med","3D|Hand Painted|Ombré|Swirls",""
"vibrance","Vibrance","Ersa Nails","Press On Nails","4","8","","Blue|Pink|White","Almond","Med","French Tip|Hand Painted|Ombré|Swirls",""
"ruyi-bliss","Ruyi Bliss","Ersa Nails","Press On Nails","4","10","","Black|Blue","Almond","Short","Cat Eye|Chrome|Hand Painted|Metallic|Pearl",""
"famille-rose","Famille Rose","Ersa Nails","Press On Nails","4","10","","Pink","Almond","Med","3D|Hand Painted|Pearl|Swirls",""
"opulent-bloom","Opulent Bloom","Ersa Nails","Press On Nails","4","10","","Gold|White","Almond","Med","3D|Cat Eye|Chrome|Mermaid|Metallic|Ombré|Rhine Stone|Swirls",""
"wealth-honor","Wealth & Honor","Ersa Nails","Press On Nails","4","10","","Purple|White","Almond","Med","Cat Eye|Chrome|Hand Painted|Metallic|Pearl|Rhine Stone",""
"beautified","Beautified","Ersa Nails","Press On Nails","4","10","","Blue|White","Almond","Short","Chrome|Hand Painted|Metallic",""
"gilded-jade","Gilded Jade","Ersa Nails","Press On Nails","4","10","","Gold|Jade","Almond","Med","Chrome|Glitter|Metallic|Ombré|Swirls",""
"all-the-best","All The Best","Ersa Nails","Bundle","4","24","","","Almond","Med|Short","Cat Eye|Chrome|Glitter|Hand Painted|Metallic|Ombré|Pearl|Rhine Stone|Swirls","color"
"fortune-favored","Fortune Favored","Ersa Nails","Bundle","4","14","","","Almond","Long|Med","Cat Eye|French Tip|Glitter|Hand Painted|Metallic|Pearl|Rhine Stone|Swirls","color"
"everything-renews","Everything Renews","Ersa Nails","Bundle","4","18","","","Almond","Med","3D|Chrome|French Tip|Glitter|Hand Painted|Metallic|Ombré|Swirls","color"
"glorious","Glorious","Ersa Nails","Bundle","4","21","","","Almond","Med","Cat Eye|Chrome|French Tip|Glitter|Hand Painted|Metallic|Ombré|Rhine Stone","color"
"lny-gift-packaging","LNY Gift Packaging","Ersa Nails","TOOLS & ACCESSORIES","1","3","","","","","","color|shape|length|style"
"full-of-vitality","Full Of Vitality","Ersa Nails","Bundle","4","14","","Blue|Gold|Purple","Almond","Long|Med","Cat Eye|Chrome|French Tip|Glitter|Hand Painted|Metallic|Rhine Stone|Swirls",""
"clean-pure","Clean & Pure","Ersa Nails","Bundle","4","14","","","Almond","Med","Aura|Chrome|French Tip|Glitter|Hand Painted|Metallic|Ombré|Pearl|Rhine Stone|Swirls","color"
"thriving-1","Thriving","Ersa Nails","Bundle","4","18","","","Almond","Med","Aura|Chrome|French Tip|Glitter|Hand Painted|Mermaid|Metallic|Pearl|Swirls","color"
"classic","Classic","Ersa Nails","Bundle","4","21","","","Almond","Med|Short","Aura|Chrome|French Tip|Glitter|Hand Painted|Mermaid|Metallic","color"
"close-to-you","Close To You","Ersa Nails","Press On Nails","4","7","","Nude|Pink","Almond","Med","French Tip|Hand Painted|Rhine Stone",""
"fatal-attraction","Fatal Attraction","Ersa Nails","Press On Nails","4","10","","Nude|Red","Almond","Med","3D|Cat Eye|Hand Painted|Rhine Stone",""
"hearts-desire","Heart's Desire","Ersa Nails","Press On Nails","4","9","","Pink|Purple","Almond","Short","Cat Eye|Chrome|Hand Painted|Metallic|Ombré",""
"lovin-you","Lovin You","Ersa Nails","Press On Nails","4","7","","Nude|Red","Almond","Med","Glitter|Hand Painted|Simple",""
"precious-love","Precious Love","Ersa Nails","Press On Nails","4","9","","Pink|Purple","Almond","Short","Cat Eye|Glitter|Hand Painted|Rhine Stone|Simple",""
"pure-romance","Pure Romance","Ersa Nails","Press On Nails","4","7","","Nude|Red","Almond","Med","Cat Eye|Hand Painted|Ombré|Simple",""
"fleur-hair-clip","Fleur Hair Clip","Ersa Nails","TOOLS & ACCESSORIES","1","1","","","","","","color|shape|length|style"
"butterfly-hair-clip","Butterfly Hair Clip","Ersa Nails","TOOLS & ACCESSORIES","1","1","","","","","","color|shape|length|style"
"lucky-cloud-hair-clip","Lucky Cloud Hair Clip","Ersa Nails","TOOLS & ACCESSORIES","1","1","","","","","","color|shape|length|style"
"phoenix-tail-hair-clip","Phoenix Tail Hair Clip","Ersa Nails","TOOLS & ACCESSORIES","1","1","","","","","","color|shape|length|style"
"pearl-hair-clip","Pearl Hair Clip","Ersa Nails","TOOLS & ACCESSORIES","1","1","","","","","","color|shape|length|style"
"bamboo-bracelet","Bamboo Bracelet","Ersa Nails","TOOLS & ACCESSORIES","1","1","","","","","","color|shape|length|style"
"opulence-bracelet","Opulence Bracelet","Ersa Nails","TOOLS & ACCESSORIES","1","1","","","","","","color|shape|length|style"
"auspicious-bracelet","Auspicious Bracelet","Ersa Nails","TOOLS & ACCESSORIES","1","1","","","","","","color|shape|length|style"
"ruyi-bracelet","Ruyi  Bracelet","Ersa Nails","TOOLS & ACCESSORIES","1","1","","","","","","color|shape|length|style"
"gem-bracelet","Green Crystal Bracelet","Ersa Nails","TOOLS & ACCESSORIES","1","1","","","","","","color|shape|length|style"
"bloom-grace","Bloom & Grace","Ersa Nails","Bundle","4","6","","Blue|Gold","Almond","Med","Cat Eye|Chrome|French Tip|Glitter|Hand Painted|Metallic|Rhine Stone",""
"pure-serenity","Pure Serenity","Ersa Nails","Bundle","4","6","","White","Almond","Med","3D|Hand Painted|Ombré|Swirls",""
"blessed-harmony","Blessed Harmony","Ersa Nails","Bundle","4","9","","Blue|Red","Almond","Med","Cat Eye|Chrome|French Tip|Glitter|Metallic|Pearl|Rhine Stone|Swirls",""
"everlasting-honor","Everlasting Honor","Ersa Nails","Bundle","4","9","","Gold","Almond","Med","Cat Eye|Chrome|Glitter|Hand Painted|Metallic|Pearl|Rhine Stone",""
"fleur-amor","Fleur Amor","Ersa Nails","Press On Nails","4","7","","Purple|White","Coffin","Med","3D|Aura|Cat Eye|French Tip|Ombré|Rhine Stone",""
"pinkladies","Pinkladies","Ersa Nails","Press On Nails","4","7","","Pink","Coffin","Med","3D|Cat Eye|Hand Painted|Ombré|Rhine Stone",""
"beautifical","Beautifical","Ersa Nails","Press On Nails","4","7","","Pink","Coffin","Med","Aura|Cat Eye|Glitter|Hand Painted|Ombré|Rhine Stone",""
"jasmines-whisper","Jasmine's Whisper","Ersa Nails","Press On Nails","4","7","","Pink|Yellow","Coffin","Med","3D|Aura|Cat Eye|French Tip|Hand Painted|Mermaid|Ombré|Rhine Stone",""
"beat-the-heart","Beat The Heart","Ersa Nails","Press On Nails","4","11","","Pink|White","Almond","Short","Cat Eye|Glitter|Hand Painted|Simple",""
"birthday-greeting-card","Birthday Greeting Card","Ersa Nails","TOOLS & ACCESSORIES","1","1","","","","","","color|shape|length|style"
"greeting-card","Greeting Card","Ersa Nails","TOOLS & ACCESSORIES","1","1","","","","","","color|shape|length|style"
"lots-of-love","Lots of Love","Ersa Nails","Press On Nails","4","7","","Pink|White","Almond","Med","Chrome|French Tip|Glitter|Hand Painted|Metallic|Rhine Stone",""
"infatuation","Infatuation","Ersa Nails","Press On Nails","4","7","","Pink|Red|White","Almond","Med","French Tip|Hand Painted",""
"your-lips-1","Your Lips","Ersa Nails","Press On Nails","4","7","","Nude|Pink|Red","Almond","Med","French Tip|Hand Painted|Rhine Stone",""
"beloved","Beloved","Ersa Nails","Press On Nails","4","7","","Nude|Pink|Red","Almond","Med","Cat Eye|French Tip|Hand Painted|Rhine Stone",""
"petals-of-grace","Petals of Grace","Ersa Nails","Press On Nails","4","10","","Blue|Nude|White","Almond","Short","Chrome|French Tip|Hand Painted|Metallic|Pearl",""
"flawless","Flawless","Ersa Nails","Press On Nails","4","7","","Blue|Nude|White","Almond","Med","3D|French Tip|Hand Painted|Metallic|Pearl",""
"promising","Promising","Ersa Nails","Press On Nails","4","7","","Gold|Red","Almond","Long","3D|Cat Eye|Chrome|French Tip|Glitter|Hand Painted|Metallic|Pearl|Rhine Stone",""
"kung-hei-fat-choi","Kung Hei Fat Choi","Ersa Nails","Press On Nails","4","9","","Gold|Nude|Red","Almond","Med","3D|French Tip|Glitter|Hand Painted|Metallic",""
"ethereality","Ethereality","Ersa Nails","Press On Nails","4","10","","Jade","Almond","Med","3D|Hand Painted|Ombré|Swirls",""
"heartthrob","Heartthrob","Ersa Nails","Press On Nails","4","7","","Nude|Red","Almond","Med","Cat Eye|French Tip|Hand Painted|Simple",""
"queen-of-hearts","Queen Of Hearts","Ersa Nails","Press On Nails","4","7","","Black|Nude|Red","Almond","Med","Cat Eye|French Tip|Hand Painted|Pearl|Rhine Stone",""
"sugar-spice","Sugar & Spice","Ersa Nails","Press On Nails","4","7","","Nude|Pink|Red","Almond","Short","Cat Eye|French Tip|Hand Painted|Rhine Stone|Simple",""
"heartfelt","Heartfelt","Ersa Nails","Press On Nails","4","7","","Pink|Red","Almond","Short","3D|Cat Eye|Chrome|Hand Painted|Mermaid|Metallic|Pearl",""
"adore-me","Adore Me","Ersa Nails","Bundle","8","8","","Pink|Red","Almond","Med","Chrome|Glitter|Hand Painted|Metallic|Ombré",""
"the-green-hour","The Green Hour","Ersa Nails","Press On Nails","4","7","","Gold|Jade|Nude","Almond","Med","Cat Eye|Chrome|French Tip|Hand Painted|Mermaid|Metallic|Rhine Stone",""
"wildflowers","Wildflowers","Ersa Nails","Press On Nails","4","7","","Jade|Nude|White","Almond","Short","3D|Cat Eye|French Tip|Mermaid",""
"candy-blossom","Candy Blossom","Ersa Nails","Press On Nails","4","8","","Nude|Pink","Almond","Med","3D|Chrome|French Tip|Hand Painted|Metallic|Swirls",""
"pink-champagne","Pink Champagne","Ersa Nails","Press On Nails","4","6","","Nude|Pink","Almond","Med","3D|Cat Eye|French Tip|Mermaid",""
"floral-euphoria","Floral Euphoria","Ersa Nails","Press On Nails","4","11","","Gold|Pink","Almond","Short","3D|Aura|Cat Eye|Chrome|Hand Painted|Mermaid|Metallic|Ombré",""
"lucky-running-horse-fortune-bundle","Lucky Running Horse Fortune Bundle","Ersa Nails","Bundle","8","14","","Red","Almond","Med","","style"
"running-horse-necklace","Running Horse Necklace","Ersa Nails","TOOLS & ACCESSORIES","2","7","","","","18in + 2in Extension","","color|shape|style"
"soft-diamonds","Soft Diamonds","Ersa Nails","Press On Nails","4","7","","Nude|White","Almond","Med","3D|French Tip|Ombré|Pearl|Rhine Stone",""
"garden-soiree","Garden Soirée","Ersa Nails","Press On Nails","4","10","","Nude|Pink|Red","Almond","Short","3D|French Tip|Mermaid|Metallic|Ombré|Pearl",""
"bluebelle","Bluebelle","Ersa Nails","Press On Nails","4","10","","Blue|Nude|Yellow","Almond","Short","3D|French Tip|Hand Painted",""
"rich-girl","Rich Girl","Ersa Nails","Press On Nails","4","8","","Gold|Jade|Nude","Almond","Med","3D|Cat Eye|Chrome|French Tip|Metallic|Pearl|Rhine Stone",""
"wildly-pretty","Wildly Pretty","Ersa Nails","Press On Nails","4","10","","Jade|Nude|Pink","Almond","Med","3D|Aura|Hand Painted|Mermaid|Ombré|Pearl|Rhine Stone",""
"blue-crush","Blue Crush","Ersa Nails","Press On Nails","4","11","","Blue|Nude|Silver","Almond","Med","Aura|Cat Eye|Chrome|French Tip|Hand Painted|Metallic|Rhine Stone",""
"magic-glue-kit","Magic Glue Kit","Ersa Nails","TOOLS & ACCESSORIES","4","10","","","","","","color|shape|length|style"
"ocean-breeze","Ocean Breeze","Ersa Nails","Press On Nails","4","11","","Blue|Nude","Almond","Med","Cat Eye|Chrome|French Tip|Hand Painted|Mermaid|Metallic",""
"wildberry","Wildberry","Ersa Nails","Press On Nails","4","11","","Blue|Nude|White","Almond","Med","3D|French Tip|Hand Painted",""
"fleur-d-or","Fleur d’Or","Ersa Nails","Press On Nails","4","11","","Gold|Nude|Pink","Almond","Med","Aura|Cat Eye|Chrome|Hand Painted|Mermaid|Metallic|Ombré",""
"blooming-day","Blooming Day","Ersa Nails","Press On Nails","4","11","","Jade|Nude|White","Almond","Med","Cat Eye|Chrome|French Tip|Hand Painted|Metallic",""
"like-a-dream","Like A Dream","Ersa Nails","Press On Nails","4","9","","","Almond","Short","Cat Eye|Chrome|Glitter|Metallic|Ombré|Pearl","color"
"blue-daisy","Blue Daisy","Ersa Nails","Press On Nails","4","7","","Blue|Nude|White","Almond","Short","French Tip|Hand Painted|Swirls",""
"vitality","Vitality","Ersa Nails","Press On Nails","4","10","","Nude|Pink|Red","Almond","Med","3D|Cat Eye|French Tip|Hand Painted",""
"cherry-blossom","Cherry Blossom","Ersa Nails","Press On Nails","4","7","","Nude|Pink","Almond","Med","3D|Chrome|French Tip|Mermaid|Metallic|Ombré|Pearl",""
"after-the-rain","After the Rain","Ersa Nails","Press On Nails","4","11","","Nude|Pink|Purple","Almond","Short","3D|Aura|Cat Eye|Chrome|French Tip|Mermaid|Metallic|Pearl",""
"fairy-song","Fairy Song","Ersa Nails","Press On Nails","4","10","","Nude|Pink|Yellow","Almond","Med","Aura|Cat Eye|French Tip|Hand Painted|Mermaid|Ombré|Pearl",""
"flourish","Flourish","Ersa Nails","Bundle","4","11","","","Almond","Short","3D|Cat Eye|Chrome|French Tip|Hand Painted|Mermaid","color"
"bloomwave-medium-almond","Bloomwave - medium almond","Ersa Nails","Press On Nails","4","7","","Blue|Nude|Yellow","Almond","Med","3D|Aura|French Tip|Hand Painted|Mermaid|Metallic|Ombré",""
"seaspray-medium-almond","Seaspray - medium almond","Ersa Nails","Press On Nails","4","7","","Blue|Gold|Nude","Almond","Med","3D|Aura|Chrome|French Tip|Hand Painted|Mermaid|Metallic",""
"starlit-pearl","Starlit Pearl","Ersa Nails","Press On Nails","4","7","","Nude|Pink","Almond","Short","Cat Eye|Chrome|Mermaid|Metallic",""
"flame-of-passion","Flame of Passion","Ersa Nails","Press On Nails","4","8","","Blue|Nude|Pink|Yellow","Almond","Med","3D|Cat Eye|French Tip|Hand Painted|Mermaid|Metallic|Ombré|Swirls",""
"superstar","Superstar","Ersa Nails","Press On Nails","4","11","","Blue|Jade|Nude|Pink|Purple|Yellow","Almond","Med","Hand Painted|Rhine Stone",""
"sunkissed-waves","Sunkissed Waves","Ersa Nails","Press On Nails","4","8","","Blue|Gold|Nude","Almond","Med","3D|Aura|Cat Eye|Chrome|French Tip|Hand Painted|Mermaid|Metallic|Ombré|Swirls",""
"blazing-flora","Blazing Flora","Ersa Nails","Press On Nails","4","8","","Gold|Nude|Red","Square","Long","3D|Aura|Chrome|French Tip|Hand Painted|Metallic|Ombré",""
"fairy-garden","Fairy Garden","Ersa Nails","Press On Nails","4","11","","Gold|Jade|Pink","Almond","Long","3D|Cat Eye|Chrome|Glitter|Hand Painted|Metallic|Swirls",""
"green-muse","Green Muse","Ersa Nails","Press On Nails","4","11","","Gold|Jade|Nude|White","Oval","Long","3D|Aura|Cat Eye|Chrome|French Tip|Hand Painted|Mermaid|Metallic|Ombré|Rhine Stone",""
"floral-ring","Floral Ring","Ersa Nails","TOOLS & ACCESSORIES","1","1","","","","","","color|shape|length|style"
"soft-girl","Soft Girl","Ersa Nails","Bundle","4","15","","","Almond","Med","","color|style"
"milk-berries","Milk & Berries","Ersa Nails","Press On Nails","4","11","","Blue|Nude|White","Almond","Short","French Tip|Hand Painted",""
"berry-cherry","Berry Cherry","Ersa Nails","Press On Nails","4","10","","Nude|Pink|Red","Almond","Short","3D|French Tip|Hand Painted",""
"soft-days","Soft Days","Ersa Nails","Press On Nails","4","12","","Gold|Nude","Almond","Med","Cat Eye|Chrome|Hand Painted|Mermaid|Metallic",""
"wild-honey","Wild Honey","Ersa Nails","Press On Nails","4","10","","Nude|Yellow","Almond","Med","3D|French Tip|Hand Painted|Ombré",""
"rosy-daydream","Rosy Daydream","Ersa Nails","Press On Nails","4","9","","Pink","Almond","Short","Cat Eye|French Tip|Hand Painted|Rhine Stone",""
"soft-romance","Soft Romance","Ersa Nails","Press On Nails","4","10","","","Almond","Short","Cat Eye|French Tip|Hand Painted|Pearl","color"
"dark-desire","Dark Desire","Ersa Nails","Press On Nails","4","7","","Brown|Gold|Nude|White","Almond","Med","3D|Aura|Chrome|French Tip|Hand Painted|Metallic|Swirls",""
"sunlit-shores","Sunlit Shores","Ersa Nails","Press On Nails","4","10","","Nude|White","Almond","Med","3D|French Tip|Glitter|Mermaid|Metallic",""
"hoppy-spring","Hoppy Spring","Ersa Nails","Press On Nails","4","7","","Blue|Jade|Pink|Yellow","Almond","Short","French Tip|Hand Painted",""
"sweet-confetti","Sweet Confetti","Ersa Nails","Press On Nails","4","7","","Blue|Nude|Pink|White","Almond","Med","French Tip|Hand Painted|Rhine Stone",""
"divine-stardust","Divine Stardust","Ersa Nails","Press On Nails","4","8","","Blue|Gold|Nude","Almond","Med","3D|Cat Eye|Chrome|French Tip|Glitter|Hand Painted|Metallic",""
"cherie","Chérie","Ersa Nails","Press On Nails","4","7","","Pink|White","Almond","Med","Cat Eye|French Tip|Hand Painted|Ombré|Pearl",""
"little-garden","Little Garden","Ersa Nails","Press On Nails","4","7","","Jade|Pink|Yellow","Almond","Med","Aura|Cat Eye|French Tip|Hand Painted|Mermaid|Rhine Stone",""
"sun-drunk","Sun Drunk","Ersa Nails","Press On Nails","4","7","","Blue|Nude|Orange|Pink","Almond","Short","Aura|French Tip|Hand Painted|Mermaid|Ombré|Rhine Stone|Swirls",""
"citrus-crush","Citrus Crush","Ersa Nails","Press On Nails","4","7","","","Almond","Med","3D|Aura|Cat Eye|French Tip|Hand Painted|Mermaid|Ombré|Rhine Stone|Swirls","color"
"attractive","Attractive","Ersa Nails","Press On Nails","4","8","","Black|Nude|Red","Almond","Med","3D|French Tip|Hand Painted|Mermaid|Metallic|Pearl",""
"sugar-rush","Sugar Rush","Ersa Nails","Press On Nails","4","7","","Blue|Brown|Nude|Pink|Yellow","Almond","Short","French Tip|Hand Painted|Metallic",""
"soft-temptation","Soft Temptation","Ersa Nails","Press On Nails","4","7","","Nude|Pink","Almond","Med","3D|French Tip|Hand Painted",""
"classy-chaos","Classy Chaos","Ersa Nails","Press On Nails","4","8","","Gold|Nude|White","Almond","Med","3D|Chrome|French Tip|Hand Painted|Metallic",""
"darling-rose","Darling Rosé","Ersa Nails","Press On Nails","4","8","","Gold|Nude|Pink","Almond","Med","3D|Aura|Chrome|French Tip|Metallic|Rhine Stone|Swirls",""
"too-sweet-to-resist","Too Sweet to Resist","Ersa Nails","Press On Nails","4","7","","Blue|Brown|Nude|Pink|Yellow","Almond","Med","3D|Aura|Chrome|French Tip|Hand Painted|Metallic|Rhine Stone",""
"blue-riviera","Blue Riviera","Ersa Nails","Press On Nails","4","8","","Blue|Nude|White","Almond","Med","3D|French Tip|Mermaid|Ombré|Rhine Stone",""
"eclat-nude","Éclat Nude","Ersa Nails","Press On Nails","4","7","","Gold|Nude","Almond","Short","Chrome|French Tip|Metallic",""
"pink-sorbet","Pink Sorbet","Ersa Nails","Press On Nails","4","7","","Brown|Nude|Yellow","Almond","Short","French Tip|Hand Painted",""
"gold-digger","Gold Digger","Ersa Nails","Press On Nails","4","8","","Brown|Gold|Nude|White","Almond","Med","3D|Aura|Chrome|French Tip|Mermaid|Metallic|Ombré|Rhine Stone|Swirls",""
"chasing-sunshine","Chasing Sunshine","Ersa Nails","Press On Nails","4","7","","Brown|Nude|Yellow","Almond","Med","3D|Aura|Chrome|French Tip|Hand Painted|Mermaid|Metallic|Ombré",""
"pastal-bloom","Pastal Bloom","Ersa Nails","Press On Nails","4","8","","Nude|Pink|White","Almond","Med","3D|Aura|French Tip|Mermaid|Metallic|Ombré|Swirls",""
"glam-queen","Glam Queen","Ersa Nails","Press On Nails","4","8","","Brown|Nude","Almond","Short","3D|Aura|Chrome|French Tip|Metallic|Ombré|Rhine Stone|Swirls",""
"obsidian","Obsidian","Ersa Nails","Press On Nails","4","8","","Black|Silver","Almond","Short","Cat Eye|Chrome|Hand Painted|Mermaid|Metallic",""
"starry-kiss","Starry Kiss","Ersa Nails","Press On Nails","4","7","","Nude|White","Almond","Short","Chrome|French Tip|Hand Painted|Metallic|Simple",""
"dopamine","Dopamine","Ersa Nails","Press On Nails","4","8","","Black|Purple|Yellow","Almond","Short","Cat Eye|French Tip|Hand Painted",""
"sweet-overload","Sweet Overload","Ersa Nails","Press On Nails","4","7","","Nude|Pink","Almond","Med","3D|Aura|Chrome|French Tip|Hand Painted|Metallic|Rhine Stone",""
"crisp-soda","Crisp Soda","Ersa Nails","Press On Nails","4","7","","Blue|Nude|White","Almond","Short","Aura|Chrome|French Tip|Glitter|Hand Painted|Metallic",""
"irresistible-affection","Irresistible Affection","Ersa Nails","Press On Nails","4","7","","Nude|Purple|White","Almond","Med","French Tip|Hand Painted|Pearl",""
"moonlight-sonata","Moonlight Sonata","Ersa Nails","Press On Nails","4","7","","Black|Nude|White","Almond","Med","3D|Chrome|French Tip|Hand Painted|Metallic",""
"savage","Savage","Ersa Nails","Press On Nails","4","7","","Black|Silver|Yellow","Square","Extra-long","3D|Cat Eye|Chrome|French Tip|Glitter|Hand Painted|Metallic|Rhine Stone|Swirls",""
"little-luxury","Little Luxury","Ersa Nails","Press On Nails","4","7","","Black|White","Almond","Short","3D|Chrome|French Tip|Hand Painted|Mermaid|Metallic|Rhine Stone|Swirls",""
"aqua-berry","Aqua Berry","Ersa Nails","Press On Nails","4","7","","Blue|Nude","Almond","Med","Aura|French Tip|Hand Painted|Mermaid|Rhine Stone",""
"candy-kiss","Candy Kiss","Ersa Nails","Press On Nails","4","7","","Nude|Pink","Almond","Med","3D|Aura|French Tip|Hand Painted|Ombré|Swirls",""
"sunny-capri","Sunny Capri","Ersa Nails","Press On Nails","4","6","","Blue|Orange|White","Almond","Short","French Tip|Hand Painted|Simple",""
"la-perle","La Perle","Ersa Nails","Press On Nails","4","8","","Nude","Almond","Short","Hand Painted|Simple",""
"sunday-picnic","Sunday Picnic","Ersa Nails","Press On Nails","4","7","","Blue|Nude|Yellow","Almond","Short","3D|French Tip|Hand Painted",""
"grace-kiss","Grace Kiss","Ersa Nails","Press On Nails","4","7","","Black|White","Almond","Short","Glitter|Metallic|Rhine Stone|Simple",""
"sweet-nothing","Sweet Nothing","Ersa Nails","Press On Nails","4","7","","Jade|Nude","Almond","Med","Ombré|Rhine Stone|Simple",""
"worry-free-purchase","Worry-Free Purchase","Seel","SEEL-WFP","100","1","","","","","","color|shape|length|style"
"bluish-tide","Bluish Tide","Ersa Nails","Press On Nails","4","9","","Blue|Nude","Almond","Med","3D|Aura|Chrome|French Tip|Hand Painted|Mermaid|Metallic|Rhine Stone|Swirls",""
"starry-soda","Starry Soda","Ersa Nails","Press On Nails","4","8","","Blue|Red","Almond","Med","French Tip|Hand Painted|Rhine Stone",""
"sunset-flame","Sunset Flame","Ersa Nails","Press On Nails","4","9","","Orange|Red","Almond","Med","3D|Aura|Cat Eye|French Tip|Hand Painted|Ombré|Rhine Stone",""
"aloha-kiss","Aloha Kiss","Ersa Nails","Press On Nails","4","9","","Orange","Almond","Med","3D|Aura|Cat Eye|Chrome|French Tip|Mermaid|Metallic|Ombré|Rhine Stone|Simple",""
"safari","Safari","Ersa Nails","Press On Nails","4","8","","Jade|Yellow","Almond","Med","3D|Aura|Cat Eye|Chrome|French Tip|Hand Painted|Metallic|Rhine Stone|Swirls",""
"hot-sexy","Hot & Sexy","Ersa Nails","Press On Nails","4","8","","Red","Oval","Long","3D|Aura|Cat Eye|Chrome|French Tip|Hand Painted|Mermaid|Metallic|Ombré|Rhine Stone|Swirls",""
"sugar-trip","Sugar Trip","Ersa Nails","Press On Nails","4","7","","Blue|Nude","Almond","Med","3D|Aura|Cat Eye|Chrome|French Tip|Hand Painted|Metallic|Rhine Stone",""
"tender-haven","Tender Haven","Ersa Nails","Press On Nails","4","8","","Blue","Almond","Short","3D|Cat Eye|Hand Painted|Mermaid|Rhine Stone|Swirls",""
"ersa-c01-icy","Ersa C01 - Icy","Ersa Nails","Press On Nails","4","5","","","Almond","Short","Cat Eye|Simple","color"
"ersa-c08-black-diamond","Ersa C08 - Black Diamond","Ersa Nails","Press On Nails","4","5","","Black","Almond","Short","Cat Eye|Simple",""
"ersa-c04-peridot","Ersa C04 - Peridot","Ersa Nails","Press On Nails","4","5","","Jade","Almond","Short","Cat Eye|Simple",""
"limited-mystery-box","Limited Mystery Box","Ersa Nails","Bundle","24","4","","","","","","color|shape|length|style"
"berry-milk","Berry Milk","Ersa Nails","Press On Nails","4","6","","Red|White","Almond","Med","Hand Painted|Simple",""
"peach-sugar","Peach Sugar","Ersa Nails","Press On Nails","4","6","","Nude|Pink","Square","Short","3D|Chrome|French Tip|Hand Painted|Mermaid|Ombré|Pearl",""
"berry-cream","Berry Cream","Ersa Nails","Press On Nails","4","6","","White","Almond","Med","Chrome|Hand Painted|Simple",""
"mocha-dot","Mocha Dot","Ersa Nails","Press On Nails","4","6","","Nude","Almond","Short","Simple",""
"pink-fever","Pink Fever","Ersa Nails","Press On Nails","4","9","","Pink|Red","Almond","Med","French Tip|Hand Painted|Ombré|Rhine Stone",""
"candy-canvas","Candy Canvas","Ersa Nails","Press On Nails","4","9","","Blue|Yellow","Almond","Short","Cat Eye|Chrome|French Tip|Glitter|Hand Painted|Metallic|Rhine Stone",""
"sweet-crush","Sweet Crush","Ersa Nails","Press On Nails","4","9","","Pink|Yellow","Almond","Short","3D|Aura|Cat Eye|Chrome|Hand Painted|Metallic|Rhine Stone",""
"limited-mystery-box-5-sets","Limited Mystery Box - 5 Sets","Ersa Nails","Bundle","8","4","","","","","","color|shape|length|style"
"limited-mystery-box-3-sets","Limited Mystery Box - 3 Sets","Ersa Nails","Bundle","8","4","","","","","","color|shape|length|style"
"hot-girl","Hot Girl","Ersa Nails","Press On Nails","4","9","","Nude|Pink","Almond","Med","3D|Aura|Cat Eye|Chrome|French Tip|Hand Painted|Mermaid|Metallic|Ombré|Rhine Stone|Swirls",""
"the-heat","The Heat","Ersa Nails","Press On Nails","4","9","","Yellow","Oval","Long","3D|Aura|Cat Eye|Chrome|French Tip|Hand Painted|Metallic|Ombré|Rhine Stone",""
"afterdark","Afterdark","Ersa Nails","Press On Nails","4","7","","Black|White","Almond","Med","3D|Hand Painted|Ombré|Rhine Stone|Swirls",""
"starlet","Starlet","Ersa Nails","Press On Nails","4","9","","Red|White","Almond","Med","French Tip|Hand Painted|Mermaid|Swirls",""
"tropical-cocktail","Tropical Cocktail","Ersa Nails","Press On Nails","4","8","","Orange","Almond","Med","3D|Cat Eye|French Tip|Mermaid|Ombré|Pearl|Rhine Stone",""
"radiant","Radiant","Ersa Nails","Press On Nails","4","9","","White|Yellow","Almond","Med","3D|Aura|Chrome|French Tip|Hand Painted|Metallic|Ombré|Rhine Stone|Swirls",""
"summer-breeze","Summer Breeze","Ersa Nails","Press On Nails","4","9","","Blue|Nude","Almond","Short","3D|Cat Eye|Chrome|French Tip|Hand Painted|Mermaid|Metallic|Swirls",""
"island-gal","Island Gal","Ersa Nails","Press On Nails","4","9","","Blue|Red","Almond","Short","3D|Aura|French Tip|Hand Painted|Metallic",""
"juicie","Juicie","Ersa Nails","Press On Nails","4","9","","Blue|Yellow","Almond","Med","3D|French Tip|Hand Painted|Pearl|Swirls",""
"vitamin-sea","Vitamin Sea","Ersa Nails","Press On Nails","4","9","","Blue|Nude|White","Almond","Med","3D|Aura|Cat Eye|French Tip|Hand Painted|Ombré|Rhine Stone",""
"fever-dream","Fever Dream","Ersa Nails","Press On Nails","4","9","","Nude|Red|Yellow","Almond","Med","3D|Aura|Cat Eye|Chrome|French Tip|Hand Painted|Mermaid|Metallic|Ombré|Rhine Stone|Swirls",""
"sunny-soul","Sunny Soul","Ersa Nails","Press On Nails","4","9","","Blue|Yellow","Almond","Short","3D|Aura|Chrome|French Tip|Hand Painted|Mermaid|Metallic|Ombré",""
"sangria","Sangria","Ersa Nails","Press On Nails","4","9","","Nude|Pink","Almond","Med","3D|Aura|French Tip|Hand Painted|Mermaid|Rhine Stone|Swirls",""
"maldives-sunset","Maldives Sunset","Ersa Nails","Press On Nails","4","8","","Orange|Pink","Almond","Med","3D|Aura|French Tip|Hand Painted|Mermaid|Metallic|Ombré|Rhine Stone|Swirls",""
"forever-framed","Forever Framed","Ersa Nails","Press On Nails","4","9","","Nude|Pink","Almond","Med","3D|Aura|Chrome|French Tip|Hand Painted|Mermaid|Metallic|Ombré|Rhine Stone|Swirls",""
"just-peachy","Just Peachy","Ersa Nails","Press On Nails","4","9","","","Almond","Short","3D|Aura|French Tip|Hand Painted|Ombré|Rhine Stone","color"
"born-to-roam","Born to Roam","Ersa Nails","Press On Nails","4","9","","Black|White","Almond","Med","3D|Cat Eye|French Tip|Hand Painted|Ombré|Rhine Stone",""
"lost-in-paradise","Lost In Paradise","Ersa Nails","Press On Nails","4","9","","Blue","Oval","Long","3D|Cat Eye|Chrome|Hand Painted|Mermaid|Metallic|Ombré|Rhine Stone",""
"mocha-latte","Mocha Latte","Ersa Nails","Press On Nails","4","6","","Brown|Gold|Nude","Almond","Med","3D|Chrome|French Tip|Metallic|Rhine Stone|Swirls",""
"undefined","Undefined","Ersa Nails","Press On Nails","4","7","","Brown|Pink","Coffin","Med","3D|Chrome|French Tip|Hand Painted|Mermaid",""
"juicy-jelly","Juicy Jelly","Ersa Nails","Press On Nails","4","7","","Pink|Yellow","Almond","Med","Ombré|Rhine Stone|Swirls",""
"saint-glow","Saint Glow","Ersa Nails","Bundle","4","6","","Gold|Nude|White","Almond","Med","3D|French Tip|Hand Painted|Mermaid|Metallic|Rhine Stone",""
"pink-feline","Pink Feline","Ersa Nails","Press On Nails","4","7","","Pink","Coffin","Med","Cat Eye|French Tip|Hand Painted|Rhine Stone",""
"island-escape","Island Escape","Ersa Nails","Press On Nails","4","9","","Pink|Yellow","Oval","Long","3D|Cat Eye|French Tip|Glitter|Hand Painted|Mermaid|Ombré|Rhine Stone|Swirls",""
"little-glow-gift","Little Glow Gift","Ersa Nails","TOOLS & ACCESSORIES","1","2","","","","","","color|shape|length|style"
"island-glow-gift-package","Island Glow Gift Package","Ersa Nails","TOOLS & ACCESSORIES","1","2","","","","","","color|shape|length|style"
"stress-off","Stress Off","Ersa Nails","Bundle","4","12","","Blue|Nude|Orange|Yellow","Almond","Short","3D|Cat Eye|Mermaid",""
"paradisoo","Paradisoo","Ersa Nails","Bundle","4","18","","","Almond|Coffin|Oval","Long|Med","3D|Cat Eye|Chrome|French Tip|Hand Painted|Mermaid|Metallic|Ombré|Rhine Stone|Swirls","color"
"sea-you-soon","Sea You Soon","Ersa Nails","Bundle","4","12","","Blue|Nude|Orange|White|Yellow","Almond","Med","3D|Chrome|French Tip|Mermaid|Rhine Stone",""
"sun-soaked","Sun-soaked","Ersa Nails","Bundle","4","10","","Nude|Orange|Pink|Yellow","Almond","Med","3D|Chrome|French Tip|Hand Painted|Mermaid|Metallic|Rhine Stone",""
"endless-summer","Endless Summer","Ersa Nails","Bundle","4","18","","","Almond","Short","3D|Aura|Cat Eye|Chrome|French Tip|Hand Painted|Mermaid|Metallic|Ombré|Rhine Stone|Swirls","color"
"seas-the-day","Seas the Day","Ersa Nails","Press On Nails","4","7","","Blue|Orange","Almond","Long","3D|Aura|Cat Eye|French Tip|Hand Painted|Ombré|Pearl|Rhine Stone|Swirls",""
"on-vacay","On Vacay","Ersa Nails","Press On Nails","4","7","","Pink|White|Yellow","Almond","Med","3D|French Tip|Hand Painted|Mermaid|Ombré|Rhine Stone|Swirls",""
"sugar-baddie","Sugar Baddie","Ersa Nails","Press On Nails","4","7","","Nude|Purple","Almond","Med","3D|Aura|French Tip|Mermaid|Ombré|Rhine Stone|Swirls",""
"sunny-side-up","Sunny Side Up","Ersa Nails","Press On Nails","4","7","","Yellow","Almond","Short","3D|French Tip|Hand Painted|Mermaid|Ombré|Pearl|Rhine Stone|Swirls",""
"melody-of-summer","Melody of Summer","Ersa Nails","Press On Nails","4","7","","Nude|Orange|Pink","Almond","Short","3D|Aura|French Tip|Hand Painted|Mermaid|Ombré|Pearl|Swirls",""
"glow-hour","Glow Hour","Ersa Nails","Press On Nails","4","7","","Nude|Pink","Almond","Med","3D|Cat Eye|French Tip|Rhine Stone|Swirls",""
"sweet-escape","Sweet Escape","Ersa Nails","Press On Nails","4","7","","Nude|Yellow","Almond","Med","3D|Cat Eye|Chrome|French Tip|Hand Painted|Metallic",""
"im-iconic","I'm Iconic","Ersa Nails","Press On Nails","4","7","","Blue|White","Almond","Short","French Tip|Hand Painted|Ombré|Rhine Stone",""
"endless-blue","Endless Blue","Ersa Nails","Bundle","16","8","","Blue","Almond|Oval","Long|Short","3D|Hand Painted|Mermaid|Pearl",""
"wild-free","Wild & Free","Ersa Nails","Bundle","16","8","","Blue|Pink","Almond|Oval","Long|Short","3D|Cat Eye|Hand Painted|Mermaid|Pearl|Rhine Stone",""
"sunshine-obsessed","Sunshine Obsessed","Ersa Nails","Press On Nails","4","7","","Nude|Orange","Almond","Long","3D|Aura|French Tip|Mermaid|Ombré|Pearl|Rhine Stone|Swirls",""
"warm-colorful","Warm & Colorful","Ersa Nails","Press On Nails","4","7","","Orange|Yellow","Almond","Med","3D|Aura|French Tip|Hand Painted|Mermaid|Ombré|Pearl|Rhine Stone|Swirls",""
"pink-riot","Pink Riot","Ersa Nails","Press On Nails","4","7","","Black|Pink","Almond","Med","French Tip|Glitter|Hand Painted",""
"cherry-wine","Cherry Wine","Ersa Nails","Press On Nails","4","7","","Nude|Red","Almond","Med","3D|Chrome|French Tip|Mermaid|Metallic|Swirls",""
"summer-loving","Summer Loving","Ersa Nails","Bundle","4","8","","Blue|Nude","Almond","Med","3D|French Tip|Hand Painted|Mermaid|Swirls",""
"ocean-therapy","Ocean Therapy","Ersa Nails","Bundle","4","8","","Blue|Nude","Almond","Short","3D|Cat Eye|Chrome|French Tip|Hand Painted|Mermaid",""
"jetset-babe","Jetset Babe","Ersa Nails","Bundle","4","8","","Pink","Almond","Med","3D|Cat Eye|French Tip|Metallic|Pearl|Rhine Stone",""
"sippin-sunshine","Sippin' Sunshine","Ersa Nails","Bundle","4","8","","Orange|Red","Almond","Med","3D|Aura|French Tip|Hand Painted|Rhine Stone|Swirls",""
"carefree","Carefree","Ersa Nails","Bundle","4","8","","Blue","Almond","Short","3D|Aura|French Tip|Hand Painted",""
"mint-to-be","Mint To Be","Ersa Nails","Press On Nails","4","6","","Brown|Nude","Almond","Med","French Tip|Hand Painted|Swirls",""
"limoncello","Limoncello","Ersa Nails","Press On Nails","4","6","","White|Yellow","Almond","Med","3D|Chrome|French Tip|Hand Painted|Metallic|Rhine Stone",""
"sunset-fizz","Sunset Fizz","Ersa Nails","Press On Nails","4","6","","Nude|Orange","Almond","Short","3D|Aura|French Tip|Hand Painted|Mermaid|Rhine Stone|Swirls",""
"beachy-babe","Beachy Babe","Ersa Nails","Press On Nails","4","6","","Gold|Yellow","Almond","Short","3D|Aura|Cat Eye|French Tip|Hand Painted|Mermaid|Pearl|Swirls",""
"shimmering-sea","Shimmering Sea","Ersa Nails","Press On Nails","4","6","","Nude|Silver","Almond","Short","Hand Painted|Simple",""
"ocean-whisper","Ocean Whisper","Ersa Nails","Press On Nails","4","6","","Blue|Nude","Almond","Short","3D|Aura|Cat Eye|Chrome|Mermaid|Metallic|Ombré",""
"sugar-pop","Sugar Pop","Ersa Nails","Press On Nails","4","6","","Blue|Nude|Pink","Almond","Short","French Tip|Hand Painted|Rhine Stone",""
"sea-siren","Sea Siren","Ersa Nails","Press On Nails","4","6","","Blue|Nude","Almond","Med","French Tip|Hand Painted|Mermaid|Ombré|Rhine Stone",""
"going-wild","Going Wild","Ersa Nails","Press On Nails","4","6","","Nude|Pink","Almond","Med","3D|French Tip|Hand Painted|Swirls",""
"stay-in-bloom","Stay In Bloom","Ersa Nails","Press On Nails","4","6","","Orange|Pink","Almond","Short","3D|Aura|Hand Painted|Mermaid|Ombré",""
"make-waves","Make Waves","Ersa Nails","Press On Nails","4","6","","Blue|Nude","Almond","Med","Chrome|Glitter|Hand Painted|Metallic|Swirls",""
"tropic-mood","Tropic Mood","Ersa Nails","Press On Nails","4","6","","","Almond","Med","3D|Aura|Chrome|French Tip|Hand Painted|Metallic|Ombré","color"
"time-to-shine","Time To Shine","Ersa Nails","Press On Nails","4","6","","Blue|Orange","Almond","Med","3D|Aura|Chrome|French Tip|Hand Painted|Metallic|Ombré|Rhine Stone",""
"just-sunshine","Just Sunshine","Ersa Nails","Press On Nails","4","6","","Nude|Orange","Almond","Short","3D|Aura|French Tip|Hand Painted|Mermaid|Ombré",""
"ersa-cat-eye-seriesⅱ","Ersa Cat Eye Series Ⅱ","Ersa Nails","Press On Nails","12","14","","Jade|Purple|Silver","Almond","Short","Cat Eye|Simple",""